Annotation term,Description,Functional annotation type/method,"Proteins in study set (i.e. your input), with this annotation term","Proteins in study set (i.e. your input), without this annotation term","Proteins not in study set, with this annotation term","Proteins not in study set, without this annotation term",Over/Under-represented,P-value (from Fisher's exact test),Corrected p-value (with FDR method),input_with_term
PF14604|SH3_9,Variant SH3 domain,PFAM,10,1288,3,6154,Over-represented,0.00000426,0.00173,Ophcf2|00765; Ophcf2|00927; Ophcf2|01163; Ophcf2|01444; Ophcf2|01788; Ophcf2|03276; Ophcf2|03922; Ophcf2|05650; Ophcf2|06370; Ophcf2|06865
PF04082|Fungal_trans,Fungal specific transcription factor domain,PFAM,23,1275,32,6125,Over-represented,0.000018,0.003653,Ophcf2|00498; Ophcf2|00695; Ophcf2|00723; Ophcf2|00907; Ophcf2|00938; Ophcf2|01029; Ophcf2|01122; Ophcf2|01589; Ophcf2|01717; Ophcf2|02563; Ophcf2|02620; Ophcf2|02920; Ophcf2|02954; Ophcf2|03547; Ophcf2|03743; Ophcf2|04215; Ophcf2|04383; Ophcf2|04460; Ophcf2|05267; Ophcf2|05651; Ophcf2|05884; Ophcf2|06012; Ophcf2|06833
PF00072|Response_reg,Response regulator receiver domain,PFAM,8,1290,2,6155,Over-represented,0.0000267,0.003618,Ophcf2|00144; Ophcf2|01137; Ophcf2|01976; Ophcf2|02284; Ophcf2|03001; Ophcf2|05709; Ophcf2|05715; Ophcf2|07150
PF07714|Pkinase_Tyr,Protein tyrosine kinase,PFAM,30,1268,57,6100,Over-represented,0.000153,0.015504,Ophcf2|00144; Ophcf2|00808; Ophcf2|00888; Ophcf2|00890; Ophcf2|00964; Ophcf2|01520; Ophcf2|01913; Ophcf2|02040; Ophcf2|02231; Ophcf2|02351; Ophcf2|02437; Ophcf2|02779; Ophcf2|02842; Ophcf2|02924; Ophcf2|03158; Ophcf2|03436; Ophcf2|03663; Ophcf2|03775; Ophcf2|04615; Ophcf2|04970; Ophcf2|04995; Ophcf2|04996; Ophcf2|05085; Ophcf2|05657; Ophcf2|06042; Ophcf2|06122; Ophcf2|06294; Ophcf2|06494; Ophcf2|06903; Ophcf2|07153
PF00512|HisKA,His Kinase A (phospho-acceptor) domain,PFAM,6,1292,1,6156,Over-represented,0.000164,0.013353,Ophcf2|01137; Ophcf2|01976; Ophcf2|02284; Ophcf2|05709; Ophcf2|05715; Ophcf2|07150
PF00069|Pkinase,Protein kinase domain,PFAM,30,1268,61,6096,Over-represented,0.000254,0.017185,Ophcf2|00144; Ophcf2|00808; Ophcf2|00888; Ophcf2|00890; Ophcf2|00964; Ophcf2|01520; Ophcf2|01913; Ophcf2|02040; Ophcf2|02231; Ophcf2|02351; Ophcf2|02437; Ophcf2|02779; Ophcf2|02842; Ophcf2|02924; Ophcf2|03158; Ophcf2|03436; Ophcf2|03663; Ophcf2|03775; Ophcf2|04615; Ophcf2|04970; Ophcf2|04995; Ophcf2|04996; Ophcf2|05085; Ophcf2|05657; Ophcf2|06042; Ophcf2|06122; Ophcf2|06294; Ophcf2|06494; Ophcf2|06903; Ophcf2|07153
PF00664|ABC_membrane,ABC transporter transmembrane region,PFAM,9,1289,7,6150,Over-represented,0.000506,0.027388,Ophcf2|00447; Ophcf2|01291; Ophcf2|02955; Ophcf2|03097; Ophcf2|03641; Ophcf2|03852; Ophcf2|04690; Ophcf2|05047; Ophcf2|06515
PF00018|SH3_1,SH3 domain,PFAM,9,1289,7,6150,Over-represented,0.000506,0.027388,Ophcf2|00765; Ophcf2|00927; Ophcf2|01163; Ophcf2|01444; Ophcf2|01788; Ophcf2|03276; Ophcf2|03922; Ophcf2|05650; Ophcf2|06370
PF07690|MFS_1,Major Facilitator Superfamily,PFAM,33,1265,74,6083,Over-represented,0.000697,0.031447,Ophcf2|00016; Ophcf2|00220; Ophcf2|00785; Ophcf2|00985; Ophcf2|01060; Ophcf2|01147; Ophcf2|01663; Ophcf2|01664; Ophcf2|01839; Ophcf2|02158; Ophcf2|02411; Ophcf2|03051; Ophcf2|03096; Ophcf2|03135; Ophcf2|03342; Ophcf2|03355; Ophcf2|03736; Ophcf2|03811; Ophcf2|03978; Ophcf2|04092; Ophcf2|04134; Ophcf2|04137; Ophcf2|04332; Ophcf2|04333; Ophcf2|04931; Ophcf2|05344; Ophcf2|05513; Ophcf2|05531; Ophcf2|05723; Ophcf2|05918; Ophcf2|05963; Ophcf2|06511; Ophcf2|07104
PF00172|Zn_clus,Fungal Zn(2)-Cys(6) binuclear cluster domain,PFAM,26,1272,52,6105,Over-represented,0.000738,0.029955,Ophcf2|00498; Ophcf2|00723; Ophcf2|00907; Ophcf2|01029; Ophcf2|01122; Ophcf2|01589; Ophcf2|01732; Ophcf2|02190; Ophcf2|02202; Ophcf2|02524; Ophcf2|02563; Ophcf2|02731; Ophcf2|02920; Ophcf2|02954; Ophcf2|03389; Ophcf2|03547; Ophcf2|03743; Ophcf2|04215; Ophcf2|04349; Ophcf2|04383; Ophcf2|04460; Ophcf2|05884; Ophcf2|06012; Ophcf2|06642; Ophcf2|06833; Ophcf2|07303
PF00632|HECT,HECT-domain (ubiquitin-transferase),PFAM,5,1293,1,6156,Over-represented,0.000816,0.030117,Ophcf2|00948; Ophcf2|01351; Ophcf2|01377; Ophcf2|06565; Ophcf2|06686
GO:0035556|intracellular signal transduction,,GO,18,1280,11,6146,Over-represented,0.000000707,0.000596,Ophcf2|05104; Ophcf2|00797; Ophcf2|04166; Ophcf2|03001; Ophcf2|07150; Ophcf2|05789; Ophcf2|05709; Ophcf2|05715; Ophcf2|00144; Ophcf2|01976; Ophcf2|06865; Ophcf2|04761; Ophcf2|00470; Ophcf2|05650; Ophcf2|02284; Ophcf2|00866; Ophcf2|01137; Ophcf2|02810
GO:0006412|translation,,GO,0,1298,85,6072,Under-represented,0.000000742,0.000313,
GO:0003735|structural constituent of ribosome,,GO,0,1298,86,6071,Under-represented,0.000000981,0.000276,
GO:0005198|structural molecule activity,,GO,0,1298,97,6060,Under-represented,0.00000104,0.000219,
GO:1990904|ribonucleoprotein complex,,GO,0,1298,108,6049,Under-represented,0.00000104,0.000175,
GO:0007165|signal transduction,,GO,26,1272,29,6128,Over-represented,0.00000123,0.000172,Ophcf2|05104; Ophcf2|00746; Ophcf2|00797; Ophcf2|04166; Ophcf2|03001; Ophcf2|01913; Ophcf2|07150; Ophcf2|05789; Ophcf2|05709; Ophcf2|05715; Ophcf2|05035; Ophcf2|03937; Ophcf2|00144; Ophcf2|01976; Ophcf2|02855; Ophcf2|06865; Ophcf2|04761; Ophcf2|00470; Ophcf2|05650; Ophcf2|02284; Ophcf2|00866; Ophcf2|01636; Ophcf2|01749; Ophcf2|01281; Ophcf2|01137; Ophcf2|02810
GO:0005840|ribosome,,GO,0,1298,83,6074,Under-represented,0.00000125,0.000151,
GO:0006518|peptide metabolic process,,GO,0,1298,91,6066,Under-represented,0.00000187,0.000197,
GO:0050794|regulation of cellular process,,GO,83,1215,183,5974,Over-represented,0.00000214,0.000201,Ophcf2|06734; Ophcf2|01589; Ophcf2|05104; Ophcf2|00745; Ophcf2|00746; Ophcf2|00769; Ophcf2|00797; Ophcf2|04166; Ophcf2|04215; Ophcf2|04938; Ophcf2|02973; Ophcf2|03001; Ophcf2|01247; Ophcf2|01899; Ophcf2|01913; Ophcf2|07150; Ophcf2|05789; Ophcf2|03743; Ophcf2|06642; Ophcf2|00907; Ophcf2|05884; Ophcf2|05709; Ophcf2|05715; Ophcf2|04891; Ophcf2|02524; Ophcf2|02563; Ophcf2|05035; Ophcf2|03937; Ophcf2|03991; Ophcf2|02346; Ophcf2|06465; Ophcf2|06083; Ophcf2|03547; Ophcf2|06385; Ophcf2|04460; Ophcf2|01029; Ophcf2|01362; Ophcf2|04383; Ophcf2|04410; Ophcf2|00144; Ophcf2|04349; Ophcf2|06012; Ophcf2|05382; Ophcf2|01976; Ophcf2|02855; Ophcf2|06865; Ophcf2|04761; Ophcf2|04775; Ophcf2|04786; Ophcf2|00470; Ophcf2|00498; Ophcf2|02920; Ophcf2|02954; Ophcf2|05650; Ophcf2|02260; Ophcf2|02284; Ophcf2|03389; Ophcf2|05568; Ophcf2|00866; Ophcf2|00723; Ophcf2|06833; Ophcf2|02190; Ophcf2|02202; Ophcf2|03652; Ophcf2|01630; Ophcf2|01636; Ophcf2|01642; Ophcf2|01709; Ophcf2|01732; Ophcf2|01749; Ophcf2|01775; Ophcf2|05236; Ophcf2|02731; Ophcf2|02735; Ophcf2|03310; Ophcf2|01267; Ophcf2|01281; Ophcf2|01122; Ophcf2|01137; Ophcf2|01138; Ophcf2|01173; Ophcf2|02810; Ophcf2|07303
GO:0043603|cellular amide metabolic process,,GO,2,1296,101,6056,Under-represented,0.00000227,0.000191,Ophcf2|01493; Ophcf2|04568
GO:0043043|peptide biosynthetic process,,GO,0,1298,87,6070,Under-represented,0.0000023,0.000176,
GO:0050789|regulation of biological process,,GO,83,1215,189,5968,Over-represented,0.00000277,0.000195,Ophcf2|06734; Ophcf2|01589; Ophcf2|05104; Ophcf2|00745; Ophcf2|00746; Ophcf2|00769; Ophcf2|00797; Ophcf2|04166; Ophcf2|04215; Ophcf2|04938; Ophcf2|02973; Ophcf2|03001; Ophcf2|01247; Ophcf2|01899; Ophcf2|01913; Ophcf2|07150; Ophcf2|05789; Ophcf2|03743; Ophcf2|06642; Ophcf2|00907; Ophcf2|05884; Ophcf2|05709; Ophcf2|05715; Ophcf2|04891; Ophcf2|02524; Ophcf2|02563; Ophcf2|05035; Ophcf2|03937; Ophcf2|03991; Ophcf2|02346; Ophcf2|06465; Ophcf2|06083; Ophcf2|03547; Ophcf2|06385; Ophcf2|04460; Ophcf2|01029; Ophcf2|01362; Ophcf2|04383; Ophcf2|04410; Ophcf2|00144; Ophcf2|04349; Ophcf2|06012; Ophcf2|05382; Ophcf2|01976; Ophcf2|02855; Ophcf2|06865; Ophcf2|04761; Ophcf2|04775; Ophcf2|04786; Ophcf2|00470; Ophcf2|00498; Ophcf2|02920; Ophcf2|02954; Ophcf2|05650; Ophcf2|02260; Ophcf2|02284; Ophcf2|03389; Ophcf2|05568; Ophcf2|00866; Ophcf2|00723; Ophcf2|06833; Ophcf2|02190; Ophcf2|02202; Ophcf2|03652; Ophcf2|01630; Ophcf2|01636; Ophcf2|01642; Ophcf2|01709; Ophcf2|01732; Ophcf2|01749; Ophcf2|01775; Ophcf2|05236; Ophcf2|02731; Ophcf2|02735; Ophcf2|03310; Ophcf2|01267; Ophcf2|01281; Ophcf2|01122; Ophcf2|01137; Ophcf2|01138; Ophcf2|01173; Ophcf2|02810; Ophcf2|07303
GO:0065007|biological regulation,,GO,86,1212,209,5948,Over-represented,0.00000311,0.000202,Ophcf2|06734; Ophcf2|01589; Ophcf2|05104; Ophcf2|00745; Ophcf2|00746; Ophcf2|00769; Ophcf2|00797; Ophcf2|04166; Ophcf2|04215; Ophcf2|04938; Ophcf2|02973; Ophcf2|03001; Ophcf2|01247; Ophcf2|01899; Ophcf2|01913; Ophcf2|07150; Ophcf2|05789; Ophcf2|03743; Ophcf2|06642; Ophcf2|00907; Ophcf2|05884; Ophcf2|06127; Ophcf2|05709; Ophcf2|05715; Ophcf2|04891; Ophcf2|02524; Ophcf2|02563; Ophcf2|05035; Ophcf2|03937; Ophcf2|03991; Ophcf2|02346; Ophcf2|06465; Ophcf2|06083; Ophcf2|03547; Ophcf2|06385; Ophcf2|04460; Ophcf2|01029; Ophcf2|01362; Ophcf2|04383; Ophcf2|04410; Ophcf2|00144; Ophcf2|04349; Ophcf2|06012; Ophcf2|05382; Ophcf2|01976; Ophcf2|02855; Ophcf2|06865; Ophcf2|04761; Ophcf2|04775; Ophcf2|04786; Ophcf2|00470; Ophcf2|00498; Ophcf2|02920; Ophcf2|02954; Ophcf2|05650; Ophcf2|02260; Ophcf2|02284; Ophcf2|03389; Ophcf2|05568; Ophcf2|00866; Ophcf2|00723; Ophcf2|06833; Ophcf2|06849; Ophcf2|02190; Ophcf2|02202; Ophcf2|03652; Ophcf2|01630; Ophcf2|01636; Ophcf2|01642; Ophcf2|01709; Ophcf2|01732; Ophcf2|01749; Ophcf2|01775; Ophcf2|05236; Ophcf2|05263; Ophcf2|02731; Ophcf2|02735; Ophcf2|03310; Ophcf2|01267; Ophcf2|01281; Ophcf2|01122; Ophcf2|01137; Ophcf2|01138; Ophcf2|01173; Ophcf2|02810; Ophcf2|07303
GO:0055085|transmembrane transport,,GO,83,1215,193,5964,Over-represented,0.00000318,0.000191,Ophcf2|04092; Ophcf2|04134; Ophcf2|04137; Ophcf2|04145; Ophcf2|01590; Ophcf2|05333; Ophcf2|05344; Ophcf2|00785; Ophcf2|00809; Ophcf2|00650; Ophcf2|04931; Ophcf2|02971; Ophcf2|02977; Ophcf2|07104; Ophcf2|07114; Ophcf2|07146; Ophcf2|03736; Ophcf2|04690; Ophcf2|04706; Ophcf2|00915; Ophcf2|05918; Ophcf2|05940; Ophcf2|05678; Ophcf2|05723; Ophcf2|04558; Ophcf2|01060; Ophcf2|05047; Ophcf2|03978; Ophcf2|00283; Ophcf2|06095; Ophcf2|02411; Ophcf2|02431; Ophcf2|03186; Ophcf2|00985; Ophcf2|04407; Ophcf2|04426; Ophcf2|00090; Ophcf2|04332; Ophcf2|04333; Ophcf2|05963; Ophcf2|05970; Ophcf2|05376; Ophcf2|01931; Ophcf2|03135; Ophcf2|06511; Ophcf2|06515; Ophcf2|06552; Ophcf2|06555; Ophcf2|01810; Ophcf2|01839; Ophcf2|00220; Ophcf2|03811; Ophcf2|03852; Ophcf2|00447; Ophcf2|00457; Ophcf2|02955; Ophcf2|03051; Ophcf2|03096; Ophcf2|03097; Ophcf2|03106; Ophcf2|03342; Ophcf2|03355; Ophcf2|05513; Ophcf2|05531; Ophcf2|00016; Ophcf2|00063; Ophcf2|00696; Ophcf2|02158; Ophcf2|02178; Ophcf2|03641; Ophcf2|03691; Ophcf2|01663; Ophcf2|01664; Ophcf2|07307; Ophcf2|07000; Ophcf2|02705; Ophcf2|02707; Ophcf2|06618; Ophcf2|03302; Ophcf2|01291; Ophcf2|01147; Ophcf2|07384; Ophcf2|02794
GO:0004672|protein kinase activity,,GO,37,1261,64,6093,Over-represented,0.00000362,0.000203,Ophcf2|05085; Ophcf2|00808; Ophcf2|04970; Ophcf2|01520; Ophcf2|01913; Ophcf2|07150; Ophcf2|07153; Ophcf2|03775; Ophcf2|00890; Ophcf2|06122; Ophcf2|05657; Ophcf2|05709; Ophcf2|05715; Ophcf2|06294; Ophcf2|04995; Ophcf2|04996; Ophcf2|02351; Ophcf2|02040; Ophcf2|06042; Ophcf2|02437; Ophcf2|03436; Ophcf2|00964; Ophcf2|00144; Ophcf2|01951; Ophcf2|01976; Ophcf2|02842; Ophcf2|03158; Ophcf2|06494; Ophcf2|06903; Ophcf2|02924; Ophcf2|02231; Ophcf2|02284; Ophcf2|00888; Ophcf2|03663; Ophcf2|04615; Ophcf2|01137; Ophcf2|02779
GO:0043604|amide biosynthetic process,,GO,2,1296,92,6065,Under-represented,0.00000631,0.000333,Ophcf2|01493; Ophcf2|04568
GO:0043232|intracellular non-membrane-bounded organelle,,GO,4,1294,109,6048,Under-represented,0.0000134,0.000647,Ophcf2|06477; Ophcf2|01464; Ophcf2|02150; Ophcf2|03652
GO:0043228|non-membrane-bounded organelle,,GO,4,1294,109,6048,Under-represented,0.0000134,0.000647,Ophcf2|06477; Ophcf2|01464; Ophcf2|02150; Ophcf2|03652
GO:0032991|protein-containing complex,,GO,31,1267,310,5847,Under-represented,0.000014,0.00062,Ophcf2|00959; Ophcf2|05678; Ophcf2|04556; Ophcf2|04558; Ophcf2|05023; Ophcf2|03945; Ophcf2|00283; Ophcf2|02297; Ophcf2|06465; Ophcf2|02373; Ophcf2|04267; Ophcf2|03236; Ophcf2|02465; Ophcf2|00075; Ophcf2|04340; Ophcf2|05969; Ophcf2|05397; Ophcf2|01996; Ophcf2|04786; Ophcf2|01464; Ophcf2|00032; Ophcf2|03675; Ophcf2|02681; Ophcf2|02717; Ophcf2|06611; Ophcf2|06618; Ophcf2|03276; Ophcf2|03310; Ophcf2|01303; Ophcf2|01162; Ophcf2|07280
"GO:0016798|hydrolase activity, acting on glycosyl bonds",,GO,24,1274,34,6123,Over-represented,0.0000147,0.00062,Ophcf2|06719; Ophcf2|05333; Ophcf2|00746; Ophcf2|00411; Ophcf2|01240; Ophcf2|01496; Ophcf2|06300; Ophcf2|02521; Ophcf2|02545; Ophcf2|05013; Ophcf2|01397; Ophcf2|03157; Ophcf2|00511; Ophcf2|07067; Ophcf2|05652; Ophcf2|03399; Ophcf2|00346; Ophcf2|05514; Ophcf2|05535; Ophcf2|00672; Ophcf2|01699; Ophcf2|06979; Ophcf2|01303; Ophcf2|01116
"GO:0004553|hydrolase activity, hydrolyzing O-glycosyl compounds",,GO,23,1275,32,6125,Over-represented,0.000018,0.000722,Ophcf2|06719; Ophcf2|05333; Ophcf2|00746; Ophcf2|00411; Ophcf2|01240; Ophcf2|01496; Ophcf2|06300; Ophcf2|02521; Ophcf2|02545; Ophcf2|05013; Ophcf2|01397; Ophcf2|03157; Ophcf2|00511; Ophcf2|07067; Ophcf2|05652; Ophcf2|03399; Ophcf2|05514; Ophcf2|05535; Ophcf2|00672; Ophcf2|01699; Ophcf2|06979; Ophcf2|01303; Ophcf2|01116
GO:1901566|organonitrogen compound biosynthetic process,,GO,10,1288,156,6001,Under-represented,0.0000265,0.001016,Ophcf2|05094; Ophcf2|05104; Ophcf2|00761; Ophcf2|04188; Ophcf2|04218; Ophcf2|04930; Ophcf2|01493; Ophcf2|04568; Ophcf2|05023; Ophcf2|00283
GO:0003700|DNA-binding transcription factor activity,,GO,35,1263,67,6090,Over-represented,0.0000319,0.001168,Ophcf2|06734; Ophcf2|01589; Ophcf2|04215; Ophcf2|04938; Ophcf2|02973; Ophcf2|01247; Ophcf2|03743; Ophcf2|06642; Ophcf2|00907; Ophcf2|05884; Ophcf2|02524; Ophcf2|02563; Ophcf2|03547; Ophcf2|04460; Ophcf2|01029; Ophcf2|01362; Ophcf2|04383; Ophcf2|04349; Ophcf2|06012; Ophcf2|00498; Ophcf2|02920; Ophcf2|02954; Ophcf2|02260; Ophcf2|03389; Ophcf2|00723; Ophcf2|06833; Ophcf2|02190; Ophcf2|02202; Ophcf2|01630; Ophcf2|01732; Ophcf2|02731; Ophcf2|01267; Ophcf2|01122; Ophcf2|01138; Ophcf2|07303
GO:0034641|cellular nitrogen compound metabolic process,,GO,57,1241,463,5694,Under-represented,0.0000327,0.001147,Ophcf2|04136; Ophcf2|01587; Ophcf2|01589; Ophcf2|05094; Ophcf2|05104; Ophcf2|04188; Ophcf2|04215; Ophcf2|04224; Ophcf2|00609; Ophcf2|04930; Ophcf2|01493; Ophcf2|07086; Ophcf2|03743; Ophcf2|05832; Ophcf2|06663; Ophcf2|00907; Ophcf2|00938; Ophcf2|05884; Ophcf2|04556; Ophcf2|04568; Ophcf2|06308; Ophcf2|02563; Ophcf2|00283; Ophcf2|02297; Ophcf2|03547; Ophcf2|03552; Ophcf2|03445; Ophcf2|03466; Ophcf2|06374; Ophcf2|04460; Ophcf2|04463; Ophcf2|04467; Ophcf2|02465; Ophcf2|02492; Ophcf2|01029; Ophcf2|04383; Ophcf2|04337; Ophcf2|04340; Ophcf2|06012; Ophcf2|01948; Ophcf2|01954; Ophcf2|02620; Ophcf2|00498; Ophcf2|02920; Ophcf2|02954; Ophcf2|05616; Ophcf2|05651; Ophcf2|00695; Ophcf2|00723; Ophcf2|06833; Ophcf2|01658; Ophcf2|01717; Ophcf2|05267; Ophcf2|02683; Ophcf2|02717; Ophcf2|01275; Ophcf2|01122
GO:0016301|kinase activity,,GO,41,1257,85,6072,Over-represented,0.0000404,0.001363,Ophcf2|05085; Ophcf2|05094; Ophcf2|00808; Ophcf2|04970; Ophcf2|01520; Ophcf2|01913; Ophcf2|07150; Ophcf2|07153; Ophcf2|03755; Ophcf2|03775; Ophcf2|04712; Ophcf2|00890; Ophcf2|06122; Ophcf2|05657; Ophcf2|05709; Ophcf2|05715; Ophcf2|01040; Ophcf2|06294; Ophcf2|04995; Ophcf2|04996; Ophcf2|02351; Ophcf2|02040; Ophcf2|06042; Ophcf2|02437; Ophcf2|03436; Ophcf2|00964; Ophcf2|00144; Ophcf2|01951; Ophcf2|01976; Ophcf2|02842; Ophcf2|03158; Ophcf2|06494; Ophcf2|06903; Ophcf2|02924; Ophcf2|02231; Ophcf2|02284; Ophcf2|00888; Ophcf2|03663; Ophcf2|04615; Ophcf2|01137; Ophcf2|02779
GO:0000160|phosphorelay signal transduction system,,GO,8,1290,3,6154,Over-represented,0.000083,0.002691,Ophcf2|03001; Ophcf2|07150; Ophcf2|05709; Ophcf2|05715; Ophcf2|00144; Ophcf2|01976; Ophcf2|02284; Ophcf2|01137
GO:0022857|transmembrane transporter activity,,GO,59,1239,150,6007,Over-represented,0.0000875,0.002732,Ophcf2|04137; Ophcf2|04145; Ophcf2|01590; Ophcf2|05344; Ophcf2|00657; Ophcf2|04931; Ophcf2|02971; Ophcf2|02977; Ophcf2|07114; Ophcf2|03736; Ophcf2|04690; Ophcf2|04706; Ophcf2|00915; Ophcf2|05940; Ophcf2|05678; Ophcf2|05723; Ophcf2|01060; Ophcf2|05047; Ophcf2|03978; Ophcf2|06095; Ophcf2|02411; Ophcf2|03186; Ophcf2|04407; Ophcf2|04426; Ophcf2|00090; Ophcf2|04332; Ophcf2|05963; Ophcf2|05970; Ophcf2|05376; Ophcf2|01931; Ophcf2|06515; Ophcf2|06552; Ophcf2|06555; Ophcf2|03852; Ophcf2|00447; Ophcf2|00457; Ophcf2|02955; Ophcf2|03096; Ophcf2|03097; Ophcf2|03342; Ophcf2|03355; Ophcf2|00302; Ophcf2|05513; Ophcf2|00016; Ophcf2|00696; Ophcf2|00703; Ophcf2|02158; Ophcf2|02178; Ophcf2|03641; Ophcf2|01664; Ophcf2|07307; Ophcf2|07000; Ophcf2|02705; Ophcf2|02707; Ophcf2|06618; Ophcf2|03302; Ophcf2|01291; Ophcf2|07384; Ophcf2|07240
"GO:0016773|phosphotransferase activity, alcohol group as acceptor",,GO,41,1257,89,6068,Over-represented,0.0000904,0.002722,Ophcf2|05085; Ophcf2|05094; Ophcf2|00808; Ophcf2|04970; Ophcf2|01520; Ophcf2|01913; Ophcf2|07150; Ophcf2|07153; Ophcf2|03775; Ophcf2|00890; Ophcf2|06122; Ophcf2|05657; Ophcf2|05709; Ophcf2|05715; Ophcf2|01040; Ophcf2|06294; Ophcf2|04995; Ophcf2|04996; Ophcf2|02351; Ophcf2|02040; Ophcf2|06042; Ophcf2|02437; Ophcf2|03436; Ophcf2|00964; Ophcf2|00144; Ophcf2|01951; Ophcf2|01976; Ophcf2|02842; Ophcf2|03158; Ophcf2|06494; Ophcf2|06903; Ophcf2|02924; Ophcf2|02231; Ophcf2|02284; Ophcf2|00328; Ophcf2|00888; Ophcf2|06834; Ophcf2|03663; Ophcf2|04615; Ophcf2|01137; Ophcf2|02779
GO:0005622|intracellular,,GO,1,1297,63,6094,Under-represented,0.0000986,0.002867,Ophcf2|01163
GO:0031323|regulation of cellular metabolic process,,GO,51,1247,123,6034,Over-represented,0.0001,0.002817,Ophcf2|06734; Ophcf2|01589; Ophcf2|00745; Ophcf2|00769; Ophcf2|04215; Ophcf2|04938; Ophcf2|02973; Ophcf2|01247; Ophcf2|01899; Ophcf2|03743; Ophcf2|06642; Ophcf2|00907; Ophcf2|05884; Ophcf2|02524; Ophcf2|02563; Ophcf2|03991; Ophcf2|02346; Ophcf2|03547; Ophcf2|06385; Ophcf2|04460; Ophcf2|01029; Ophcf2|01362; Ophcf2|04383; Ophcf2|04349; Ophcf2|06012; Ophcf2|04775; Ophcf2|04786; Ophcf2|00498; Ophcf2|02920; Ophcf2|02954; Ophcf2|02260; Ophcf2|03389; Ophcf2|00723; Ophcf2|06833; Ophcf2|02190; Ophcf2|02202; Ophcf2|03652; Ophcf2|01630; Ophcf2|01642; Ophcf2|01709; Ophcf2|01732; Ophcf2|01775; Ophcf2|02731; Ophcf2|02735; Ophcf2|03310; Ophcf2|01267; Ophcf2|01122; Ophcf2|01137; Ophcf2|01138; Ophcf2|01173; Ophcf2|07303
GO:0051171|regulation of nitrogen compound metabolic process,,GO,51,1247,124,6033,Over-represented,0.000107,0.002862,Ophcf2|06734; Ophcf2|01589; Ophcf2|00745; Ophcf2|00769; Ophcf2|04215; Ophcf2|04938; Ophcf2|02973; Ophcf2|01247; Ophcf2|01899; Ophcf2|03743; Ophcf2|06642; Ophcf2|00907; Ophcf2|05884; Ophcf2|02524; Ophcf2|02563; Ophcf2|03991; Ophcf2|02346; Ophcf2|03547; Ophcf2|06385; Ophcf2|04460; Ophcf2|01029; Ophcf2|01362; Ophcf2|04383; Ophcf2|04349; Ophcf2|06012; Ophcf2|04775; Ophcf2|04786; Ophcf2|00498; Ophcf2|02920; Ophcf2|02954; Ophcf2|02260; Ophcf2|03389; Ophcf2|00723; Ophcf2|06833; Ophcf2|02190; Ophcf2|02202; Ophcf2|03652; Ophcf2|01630; Ophcf2|01642; Ophcf2|01709; Ophcf2|01732; Ophcf2|01775; Ophcf2|02731; Ophcf2|02735; Ophcf2|03310; Ophcf2|01267; Ophcf2|01122; Ophcf2|01137; Ophcf2|01138; Ophcf2|01173; Ophcf2|07303
GO:0080090|regulation of primary metabolic process,,GO,51,1247,124,6033,Over-represented,0.000107,0.002862,Ophcf2|06734; Ophcf2|01589; Ophcf2|00745; Ophcf2|00769; Ophcf2|04215; Ophcf2|04938; Ophcf2|02973; Ophcf2|01247; Ophcf2|01899; Ophcf2|03743; Ophcf2|06642; Ophcf2|00907; Ophcf2|05884; Ophcf2|02524; Ophcf2|02563; Ophcf2|03991; Ophcf2|02346; Ophcf2|03547; Ophcf2|06385; Ophcf2|04460; Ophcf2|01029; Ophcf2|01362; Ophcf2|04383; Ophcf2|04349; Ophcf2|06012; Ophcf2|04775; Ophcf2|04786; Ophcf2|00498; Ophcf2|02920; Ophcf2|02954; Ophcf2|02260; Ophcf2|03389; Ophcf2|00723; Ophcf2|06833; Ophcf2|02190; Ophcf2|02202; Ophcf2|03652; Ophcf2|01630; Ophcf2|01642; Ophcf2|01709; Ophcf2|01732; Ophcf2|01775; Ophcf2|02731; Ophcf2|02735; Ophcf2|03310; Ophcf2|01267; Ophcf2|01122; Ophcf2|01137; Ophcf2|01138; Ophcf2|01173; Ophcf2|07303
GO:2001141|regulation of RNA biosynthetic process,,GO,48,1250,114,6043,Over-represented,0.000135,0.003287,Ophcf2|06734; Ophcf2|01589; Ophcf2|00745; Ophcf2|00769; Ophcf2|04215; Ophcf2|04938; Ophcf2|02973; Ophcf2|01247; Ophcf2|01899; Ophcf2|03743; Ophcf2|06642; Ophcf2|00907; Ophcf2|05884; Ophcf2|02524; Ophcf2|02563; Ophcf2|03991; Ophcf2|02346; Ophcf2|03547; Ophcf2|04460; Ophcf2|01029; Ophcf2|01362; Ophcf2|04383; Ophcf2|04349; Ophcf2|06012; Ophcf2|04775; Ophcf2|04786; Ophcf2|00498; Ophcf2|02920; Ophcf2|02954; Ophcf2|02260; Ophcf2|03389; Ophcf2|00723; Ophcf2|06833; Ophcf2|02190; Ophcf2|02202; Ophcf2|03652; Ophcf2|01630; Ophcf2|01642; Ophcf2|01732; Ophcf2|01775; Ophcf2|02731; Ophcf2|02735; Ophcf2|03310; Ophcf2|01267; Ophcf2|01122; Ophcf2|01137; Ophcf2|01138; Ophcf2|07303
"GO:0006355|regulation of transcription, DNA-templated",,GO,48,1250,114,6043,Over-represented,0.000135,0.003287,Ophcf2|06734; Ophcf2|01589; Ophcf2|00745; Ophcf2|00769; Ophcf2|04215; Ophcf2|04938; Ophcf2|02973; Ophcf2|01247; Ophcf2|01899; Ophcf2|03743; Ophcf2|06642; Ophcf2|00907; Ophcf2|05884; Ophcf2|02524; Ophcf2|02563; Ophcf2|03991; Ophcf2|02346; Ophcf2|03547; Ophcf2|04460; Ophcf2|01029; Ophcf2|01362; Ophcf2|04383; Ophcf2|04349; Ophcf2|06012; Ophcf2|04775; Ophcf2|04786; Ophcf2|00498; Ophcf2|02920; Ophcf2|02954; Ophcf2|02260; Ophcf2|03389; Ophcf2|00723; Ophcf2|06833; Ophcf2|02190; Ophcf2|02202; Ophcf2|03652; Ophcf2|01630; Ophcf2|01642; Ophcf2|01732; Ophcf2|01775; Ophcf2|02731; Ophcf2|02735; Ophcf2|03310; Ophcf2|01267; Ophcf2|01122; Ophcf2|01137; Ophcf2|01138; Ophcf2|07303
GO:0051252|regulation of RNA metabolic process,,GO,48,1250,114,6043,Over-represented,0.000135,0.003287,Ophcf2|06734; Ophcf2|01589; Ophcf2|00745; Ophcf2|00769; Ophcf2|04215; Ophcf2|04938; Ophcf2|02973; Ophcf2|01247; Ophcf2|01899; Ophcf2|03743; Ophcf2|06642; Ophcf2|00907; Ophcf2|05884; Ophcf2|02524; Ophcf2|02563; Ophcf2|03991; Ophcf2|02346; Ophcf2|03547; Ophcf2|04460; Ophcf2|01029; Ophcf2|01362; Ophcf2|04383; Ophcf2|04349; Ophcf2|06012; Ophcf2|04775; Ophcf2|04786; Ophcf2|00498; Ophcf2|02920; Ophcf2|02954; Ophcf2|02260; Ophcf2|03389; Ophcf2|00723; Ophcf2|06833; Ophcf2|02190; Ophcf2|02202; Ophcf2|03652; Ophcf2|01630; Ophcf2|01642; Ophcf2|01732; Ophcf2|01775; Ophcf2|02731; Ophcf2|02735; Ophcf2|03310; Ophcf2|01267; Ophcf2|01122; Ophcf2|01137; Ophcf2|01138; Ophcf2|07303
GO:1903506|regulation of nucleic acid-templated transcription,,GO,48,1250,114,6043,Over-represented,0.000135,0.003287,Ophcf2|06734; Ophcf2|01589; Ophcf2|00745; Ophcf2|00769; Ophcf2|04215; Ophcf2|04938; Ophcf2|02973; Ophcf2|01247; Ophcf2|01899; Ophcf2|03743; Ophcf2|06642; Ophcf2|00907; Ophcf2|05884; Ophcf2|02524; Ophcf2|02563; Ophcf2|03991; Ophcf2|02346; Ophcf2|03547; Ophcf2|04460; Ophcf2|01029; Ophcf2|01362; Ophcf2|04383; Ophcf2|04349; Ophcf2|06012; Ophcf2|04775; Ophcf2|04786; Ophcf2|00498; Ophcf2|02920; Ophcf2|02954; Ophcf2|02260; Ophcf2|03389; Ophcf2|00723; Ophcf2|06833; Ophcf2|02190; Ophcf2|02202; Ophcf2|03652; Ophcf2|01630; Ophcf2|01642; Ophcf2|01732; Ophcf2|01775; Ophcf2|02731; Ophcf2|02735; Ophcf2|03310; Ophcf2|01267; Ophcf2|01122; Ophcf2|01137; Ophcf2|01138; Ophcf2|07303
GO:0019219|regulation of nucleobase-containing compound metabolic process,,GO,48,1250,116,6041,Over-represented,0.000151,0.003451,Ophcf2|06734; Ophcf2|01589; Ophcf2|00745; Ophcf2|00769; Ophcf2|04215; Ophcf2|04938; Ophcf2|02973; Ophcf2|01247; Ophcf2|01899; Ophcf2|03743; Ophcf2|06642; Ophcf2|00907; Ophcf2|05884; Ophcf2|02524; Ophcf2|02563; Ophcf2|03991; Ophcf2|02346; Ophcf2|03547; Ophcf2|04460; Ophcf2|01029; Ophcf2|01362; Ophcf2|04383; Ophcf2|04349; Ophcf2|06012; Ophcf2|04775; Ophcf2|04786; Ophcf2|00498; Ophcf2|02920; Ophcf2|02954; Ophcf2|02260; Ophcf2|03389; Ophcf2|00723; Ophcf2|06833; Ophcf2|02190; Ophcf2|02202; Ophcf2|03652; Ophcf2|01630; Ophcf2|01642; Ophcf2|01732; Ophcf2|01775; Ophcf2|02731; Ophcf2|02735; Ophcf2|03310; Ophcf2|01267; Ophcf2|01122; Ophcf2|01137; Ophcf2|01138; Ophcf2|07303
GO:0005215|transporter activity,,GO,59,1239,155,6002,Over-represented,0.000162,0.00359,Ophcf2|04137; Ophcf2|04145; Ophcf2|01590; Ophcf2|05344; Ophcf2|00657; Ophcf2|04931; Ophcf2|02971; Ophcf2|02977; Ophcf2|07114; Ophcf2|03736; Ophcf2|04690; Ophcf2|04706; Ophcf2|00915; Ophcf2|05940; Ophcf2|05678; Ophcf2|05723; Ophcf2|01060; Ophcf2|05047; Ophcf2|03978; Ophcf2|06095; Ophcf2|02411; Ophcf2|03186; Ophcf2|04407; Ophcf2|04426; Ophcf2|00090; Ophcf2|04332; Ophcf2|05963; Ophcf2|05970; Ophcf2|05376; Ophcf2|01931; Ophcf2|06515; Ophcf2|06552; Ophcf2|06555; Ophcf2|03852; Ophcf2|00447; Ophcf2|00457; Ophcf2|02955; Ophcf2|03096; Ophcf2|03097; Ophcf2|03342; Ophcf2|03355; Ophcf2|00302; Ophcf2|05513; Ophcf2|00016; Ophcf2|00696; Ophcf2|00703; Ophcf2|02158; Ophcf2|02178; Ophcf2|03641; Ophcf2|01664; Ophcf2|07307; Ophcf2|07000; Ophcf2|02705; Ophcf2|02707; Ophcf2|06618; Ophcf2|03302; Ophcf2|01291; Ophcf2|07384; Ophcf2|07240
GO:0004673|protein histidine kinase activity,,GO,6,1292,1,6156,Over-represented,0.000164,0.003423,Ophcf2|07150; Ophcf2|05709; Ophcf2|05715; Ophcf2|01976; Ophcf2|02284; Ophcf2|01137
GO:0000155|phosphorelay sensor kinase activity,,GO,6,1292,1,6156,Over-represented,0.000164,0.003423,Ophcf2|07150; Ophcf2|05709; Ophcf2|05715; Ophcf2|01976; Ophcf2|02284; Ophcf2|01137
GO:0140299|small molecule sensor activity,,GO,6,1292,1,6156,Over-represented,0.000164,0.003423,Ophcf2|07150; Ophcf2|05709; Ophcf2|05715; Ophcf2|01976; Ophcf2|02284; Ophcf2|01137
"GO:0016775|phosphotransferase activity, nitrogenous group as acceptor",,GO,6,1292,1,6156,Over-represented,0.000164,0.003423,Ophcf2|07150; Ophcf2|05709; Ophcf2|05715; Ophcf2|01976; Ophcf2|02284; Ophcf2|01137
GO:0010556|regulation of macromolecule biosynthetic process,,GO,48,1250,117,6040,Over-represented,0.000165,0.003123,Ophcf2|06734; Ophcf2|01589; Ophcf2|00745; Ophcf2|00769; Ophcf2|04215; Ophcf2|04938; Ophcf2|02973; Ophcf2|01247; Ophcf2|01899; Ophcf2|03743; Ophcf2|06642; Ophcf2|00907; Ophcf2|05884; Ophcf2|02524; Ophcf2|02563; Ophcf2|03991; Ophcf2|02346; Ophcf2|03547; Ophcf2|04460; Ophcf2|01029; Ophcf2|01362; Ophcf2|04383; Ophcf2|04349; Ophcf2|06012; Ophcf2|04775; Ophcf2|04786; Ophcf2|00498; Ophcf2|02920; Ophcf2|02954; Ophcf2|02260; Ophcf2|03389; Ophcf2|00723; Ophcf2|06833; Ophcf2|02190; Ophcf2|02202; Ophcf2|03652; Ophcf2|01630; Ophcf2|01642; Ophcf2|01732; Ophcf2|01775; Ophcf2|02731; Ophcf2|02735; Ophcf2|03310; Ophcf2|01267; Ophcf2|01122; Ophcf2|01137; Ophcf2|01138; Ophcf2|07303
GO:0009889|regulation of biosynthetic process,,GO,48,1250,117,6040,Over-represented,0.000165,0.003123,Ophcf2|06734; Ophcf2|01589; Ophcf2|00745; Ophcf2|00769; Ophcf2|04215; Ophcf2|04938; Ophcf2|02973; Ophcf2|01247; Ophcf2|01899; Ophcf2|03743; Ophcf2|06642; Ophcf2|00907; Ophcf2|05884; Ophcf2|02524; Ophcf2|02563; Ophcf2|03991; Ophcf2|02346; Ophcf2|03547; Ophcf2|04460; Ophcf2|01029; Ophcf2|01362; Ophcf2|04383; Ophcf2|04349; Ophcf2|06012; Ophcf2|04775; Ophcf2|04786; Ophcf2|00498; Ophcf2|02920; Ophcf2|02954; Ophcf2|02260; Ophcf2|03389; Ophcf2|00723; Ophcf2|06833; Ophcf2|02190; Ophcf2|02202; Ophcf2|03652; Ophcf2|01630; Ophcf2|01642; Ophcf2|01732; Ophcf2|01775; Ophcf2|02731; Ophcf2|02735; Ophcf2|03310; Ophcf2|01267; Ophcf2|01122; Ophcf2|01137; Ophcf2|01138; Ophcf2|07303
GO:2000112|regulation of cellular macromolecule biosynthetic process,,GO,48,1250,117,6040,Over-represented,0.000165,0.003123,Ophcf2|06734; Ophcf2|01589; Ophcf2|00745; Ophcf2|00769; Ophcf2|04215; Ophcf2|04938; Ophcf2|02973; Ophcf2|01247; Ophcf2|01899; Ophcf2|03743; Ophcf2|06642; Ophcf2|00907; Ophcf2|05884; Ophcf2|02524; Ophcf2|02563; Ophcf2|03991; Ophcf2|02346; Ophcf2|03547; Ophcf2|04460; Ophcf2|01029; Ophcf2|01362; Ophcf2|04383; Ophcf2|04349; Ophcf2|06012; Ophcf2|04775; Ophcf2|04786; Ophcf2|00498; Ophcf2|02920; Ophcf2|02954; Ophcf2|02260; Ophcf2|03389; Ophcf2|00723; Ophcf2|06833; Ophcf2|02190; Ophcf2|02202; Ophcf2|03652; Ophcf2|01630; Ophcf2|01642; Ophcf2|01732; Ophcf2|01775; Ophcf2|02731; Ophcf2|02735; Ophcf2|03310; Ophcf2|01267; Ophcf2|01122; Ophcf2|01137; Ophcf2|01138; Ophcf2|07303
GO:0031326|regulation of cellular biosynthetic process,,GO,48,1250,117,6040,Over-represented,0.000165,0.003123,Ophcf2|06734; Ophcf2|01589; Ophcf2|00745; Ophcf2|00769; Ophcf2|04215; Ophcf2|04938; Ophcf2|02973; Ophcf2|01247; Ophcf2|01899; Ophcf2|03743; Ophcf2|06642; Ophcf2|00907; Ophcf2|05884; Ophcf2|02524; Ophcf2|02563; Ophcf2|03991; Ophcf2|02346; Ophcf2|03547; Ophcf2|04460; Ophcf2|01029; Ophcf2|01362; Ophcf2|04383; Ophcf2|04349; Ophcf2|06012; Ophcf2|04775; Ophcf2|04786; Ophcf2|00498; Ophcf2|02920; Ophcf2|02954; Ophcf2|02260; Ophcf2|03389; Ophcf2|00723; Ophcf2|06833; Ophcf2|02190; Ophcf2|02202; Ophcf2|03652; Ophcf2|01630; Ophcf2|01642; Ophcf2|01732; Ophcf2|01775; Ophcf2|02731; Ophcf2|02735; Ophcf2|03310; Ophcf2|01267; Ophcf2|01122; Ophcf2|01137; Ophcf2|01138; Ophcf2|07303
GO:0019222|regulation of metabolic process,,GO,51,1247,128,6029,Over-represented,0.000196,0.003484,Ophcf2|06734; Ophcf2|01589; Ophcf2|00745; Ophcf2|00769; Ophcf2|04215; Ophcf2|04938; Ophcf2|02973; Ophcf2|01247; Ophcf2|01899; Ophcf2|03743; Ophcf2|06642; Ophcf2|00907; Ophcf2|05884; Ophcf2|02524; Ophcf2|02563; Ophcf2|03991; Ophcf2|02346; Ophcf2|03547; Ophcf2|06385; Ophcf2|04460; Ophcf2|01029; Ophcf2|01362; Ophcf2|04383; Ophcf2|04349; Ophcf2|06012; Ophcf2|04775; Ophcf2|04786; Ophcf2|00498; Ophcf2|02920; Ophcf2|02954; Ophcf2|02260; Ophcf2|03389; Ophcf2|00723; Ophcf2|06833; Ophcf2|02190; Ophcf2|02202; Ophcf2|03652; Ophcf2|01630; Ophcf2|01642; Ophcf2|01709; Ophcf2|01732; Ophcf2|01775; Ophcf2|02731; Ophcf2|02735; Ophcf2|03310; Ophcf2|01267; Ophcf2|01122; Ophcf2|01137; Ophcf2|01138; Ophcf2|01173; Ophcf2|07303
GO:0060255|regulation of macromolecule metabolic process,,GO,51,1247,128,6029,Over-represented,0.000196,0.003484,Ophcf2|06734; Ophcf2|01589; Ophcf2|00745; Ophcf2|00769; Ophcf2|04215; Ophcf2|04938; Ophcf2|02973; Ophcf2|01247; Ophcf2|01899; Ophcf2|03743; Ophcf2|06642; Ophcf2|00907; Ophcf2|05884; Ophcf2|02524; Ophcf2|02563; Ophcf2|03991; Ophcf2|02346; Ophcf2|03547; Ophcf2|06385; Ophcf2|04460; Ophcf2|01029; Ophcf2|01362; Ophcf2|04383; Ophcf2|04349; Ophcf2|06012; Ophcf2|04775; Ophcf2|04786; Ophcf2|00498; Ophcf2|02920; Ophcf2|02954; Ophcf2|02260; Ophcf2|03389; Ophcf2|00723; Ophcf2|06833; Ophcf2|02190; Ophcf2|02202; Ophcf2|03652; Ophcf2|01630; Ophcf2|01642; Ophcf2|01709; Ophcf2|01732; Ophcf2|01775; Ophcf2|02731; Ophcf2|02735; Ophcf2|03310; Ophcf2|01267; Ophcf2|01122; Ophcf2|01137; Ophcf2|01138; Ophcf2|01173; Ophcf2|07303
GO:0044444|cytoplasmic part,,GO,19,1279,204,5953,Under-represented,0.00021,0.003613,Ophcf2|06127; Ophcf2|04558; Ophcf2|00283; Ophcf2|06102; Ophcf2|02373; Ophcf2|04267; Ophcf2|03236; Ophcf2|02447; Ophcf2|02465; Ophcf2|05969; Ophcf2|05392; Ophcf2|05397; Ophcf2|01996; Ophcf2|05625; Ophcf2|00032; Ophcf2|02681; Ophcf2|06611; Ophcf2|01128; Ophcf2|01162
GO:0051179|localization,,GO,101,1197,312,5845,Over-represented,0.000226,0.003816,Ophcf2|06718; Ophcf2|04092; Ophcf2|04134; Ophcf2|04137; Ophcf2|04145; Ophcf2|01590; Ophcf2|05333; Ophcf2|05344; Ophcf2|00785; Ophcf2|00809; Ophcf2|00604; Ophcf2|00650; Ophcf2|00657; Ophcf2|04931; Ophcf2|02971; Ophcf2|02977; Ophcf2|01535; Ophcf2|07104; Ophcf2|07114; Ophcf2|07146; Ophcf2|03736; Ophcf2|04690; Ophcf2|04706; Ophcf2|05488; Ophcf2|00915; Ophcf2|05918; Ophcf2|05940; Ophcf2|06127; Ophcf2|05678; Ophcf2|05723; Ophcf2|04558; Ophcf2|01060; Ophcf2|05047; Ophcf2|03978; Ophcf2|00283; Ophcf2|06095; Ophcf2|06102; Ophcf2|02411; Ophcf2|02431; Ophcf2|04267; Ophcf2|03186; Ophcf2|03236; Ophcf2|00985; Ophcf2|04407; Ophcf2|04426; Ophcf2|00090; Ophcf2|04332; Ophcf2|04333; Ophcf2|05963; Ophcf2|05970; Ophcf2|05376; Ophcf2|01931; Ophcf2|01996; Ophcf2|03135; Ophcf2|06511; Ophcf2|06515; Ophcf2|06552; Ophcf2|06555; Ophcf2|01810; Ophcf2|01815; Ophcf2|01839; Ophcf2|00220; Ophcf2|02610; Ophcf2|03811; Ophcf2|03852; Ophcf2|00447; Ophcf2|00457; Ophcf2|02955; Ophcf2|03051; Ophcf2|03096; Ophcf2|03097; Ophcf2|03106; Ophcf2|03342; Ophcf2|03355; Ophcf2|00302; Ophcf2|05513; Ophcf2|05531; Ophcf2|00016; Ophcf2|00063; Ophcf2|00696; Ophcf2|00703; Ophcf2|02158; Ophcf2|02178; Ophcf2|03641; Ophcf2|03691; Ophcf2|01663; Ophcf2|01664; Ophcf2|07307; Ophcf2|07000; Ophcf2|05222; Ophcf2|02705; Ophcf2|02707; Ophcf2|06611; Ophcf2|06618; Ophcf2|03302; Ophcf2|01291; Ophcf2|01147; Ophcf2|01163; Ophcf2|07384; Ophcf2|02794; Ophcf2|07240
GO:0006810|transport,,GO,98,1200,301,5856,Over-represented,0.000233,0.003846,Ophcf2|06718; Ophcf2|04092; Ophcf2|04134; Ophcf2|04137; Ophcf2|04145; Ophcf2|01590; Ophcf2|05333; Ophcf2|05344; Ophcf2|00785; Ophcf2|00809; Ophcf2|00604; Ophcf2|00650; Ophcf2|00657; Ophcf2|04931; Ophcf2|02971; Ophcf2|02977; Ophcf2|01535; Ophcf2|07104; Ophcf2|07114; Ophcf2|07146; Ophcf2|03736; Ophcf2|04690; Ophcf2|04706; Ophcf2|00915; Ophcf2|05918; Ophcf2|05940; Ophcf2|05678; Ophcf2|05723; Ophcf2|04558; Ophcf2|01060; Ophcf2|05047; Ophcf2|03978; Ophcf2|00283; Ophcf2|06095; Ophcf2|06102; Ophcf2|02411; Ophcf2|02431; Ophcf2|03186; Ophcf2|03236; Ophcf2|00985; Ophcf2|04407; Ophcf2|04426; Ophcf2|00090; Ophcf2|04332; Ophcf2|04333; Ophcf2|05963; Ophcf2|05970; Ophcf2|05376; Ophcf2|01931; Ophcf2|01996; Ophcf2|03135; Ophcf2|06511; Ophcf2|06515; Ophcf2|06552; Ophcf2|06555; Ophcf2|01810; Ophcf2|01815; Ophcf2|01839; Ophcf2|00220; Ophcf2|02610; Ophcf2|03811; Ophcf2|03852; Ophcf2|00447; Ophcf2|00457; Ophcf2|02955; Ophcf2|03051; Ophcf2|03096; Ophcf2|03097; Ophcf2|03106; Ophcf2|03342; Ophcf2|03355; Ophcf2|00302; Ophcf2|05513; Ophcf2|05531; Ophcf2|00016; Ophcf2|00063; Ophcf2|00696; Ophcf2|00703; Ophcf2|02158; Ophcf2|02178; Ophcf2|03641; Ophcf2|03691; Ophcf2|01663; Ophcf2|01664; Ophcf2|07307; Ophcf2|07000; Ophcf2|05222; Ophcf2|02705; Ophcf2|02707; Ophcf2|06611; Ophcf2|06618; Ophcf2|03302; Ophcf2|01291; Ophcf2|01147; Ophcf2|01163; Ophcf2|07384; Ophcf2|02794; Ophcf2|07240
GO:0051234|establishment of localization,,GO,98,1200,302,5855,Over-represented,0.000238,0.003854,Ophcf2|06718; Ophcf2|04092; Ophcf2|04134; Ophcf2|04137; Ophcf2|04145; Ophcf2|01590; Ophcf2|05333; Ophcf2|05344; Ophcf2|00785; Ophcf2|00809; Ophcf2|00604; Ophcf2|00650; Ophcf2|00657; Ophcf2|04931; Ophcf2|02971; Ophcf2|02977; Ophcf2|01535; Ophcf2|07104; Ophcf2|07114; Ophcf2|07146; Ophcf2|03736; Ophcf2|04690; Ophcf2|04706; Ophcf2|00915; Ophcf2|05918; Ophcf2|05940; Ophcf2|05678; Ophcf2|05723; Ophcf2|04558; Ophcf2|01060; Ophcf2|05047; Ophcf2|03978; Ophcf2|00283; Ophcf2|06095; Ophcf2|06102; Ophcf2|02411; Ophcf2|02431; Ophcf2|03186; Ophcf2|03236; Ophcf2|00985; Ophcf2|04407; Ophcf2|04426; Ophcf2|00090; Ophcf2|04332; Ophcf2|04333; Ophcf2|05963; Ophcf2|05970; Ophcf2|05376; Ophcf2|01931; Ophcf2|01996; Ophcf2|03135; Ophcf2|06511; Ophcf2|06515; Ophcf2|06552; Ophcf2|06555; Ophcf2|01810; Ophcf2|01815; Ophcf2|01839; Ophcf2|00220; Ophcf2|02610; Ophcf2|03811; Ophcf2|03852; Ophcf2|00447; Ophcf2|00457; Ophcf2|02955; Ophcf2|03051; Ophcf2|03096; Ophcf2|03097; Ophcf2|03106; Ophcf2|03342; Ophcf2|03355; Ophcf2|00302; Ophcf2|05513; Ophcf2|05531; Ophcf2|00016; Ophcf2|00063; Ophcf2|00696; Ophcf2|00703; Ophcf2|02158; Ophcf2|02178; Ophcf2|03641; Ophcf2|03691; Ophcf2|01663; Ophcf2|01664; Ophcf2|07307; Ophcf2|07000; Ophcf2|05222; Ophcf2|02705; Ophcf2|02707; Ophcf2|06611; Ophcf2|06618; Ophcf2|03302; Ophcf2|01291; Ophcf2|01147; Ophcf2|01163; Ophcf2|07384; Ophcf2|02794; Ophcf2|07240
GO:0036211|protein modification process,,GO,50,1248,126,6031,Over-represented,0.000257,0.004046,Ophcf2|05085; Ophcf2|05100; Ophcf2|00808; Ophcf2|04970; Ophcf2|03020; Ophcf2|01520; Ophcf2|01894; Ophcf2|01913; Ophcf2|07119; Ophcf2|07153; Ophcf2|03775; Ophcf2|06634; Ophcf2|00890; Ophcf2|06122; Ophcf2|05657; Ophcf2|04839; Ophcf2|06294; Ophcf2|04995; Ophcf2|04996; Ophcf2|02351; Ophcf2|02040; Ophcf2|06042; Ophcf2|02373; Ophcf2|02437; Ophcf2|03436; Ophcf2|05164; Ophcf2|00964; Ophcf2|00144; Ophcf2|05392; Ophcf2|05397; Ophcf2|02842; Ophcf2|03150; Ophcf2|03158; Ophcf2|06494; Ophcf2|06903; Ophcf2|04826; Ophcf2|02906; Ophcf2|02924; Ophcf2|05625; Ophcf2|02231; Ophcf2|00032; Ophcf2|00888; Ophcf2|03652; Ophcf2|03663; Ophcf2|03675; Ophcf2|01642; Ophcf2|04615; Ophcf2|05231; Ophcf2|01137; Ophcf2|02779
GO:0006464|cellular protein modification process,,GO,50,1248,126,6031,Over-represented,0.000257,0.004046,Ophcf2|05085; Ophcf2|05100; Ophcf2|00808; Ophcf2|04970; Ophcf2|03020; Ophcf2|01520; Ophcf2|01894; Ophcf2|01913; Ophcf2|07119; Ophcf2|07153; Ophcf2|03775; Ophcf2|06634; Ophcf2|00890; Ophcf2|06122; Ophcf2|05657; Ophcf2|04839; Ophcf2|06294; Ophcf2|04995; Ophcf2|04996; Ophcf2|02351; Ophcf2|02040; Ophcf2|06042; Ophcf2|02373; Ophcf2|02437; Ophcf2|03436; Ophcf2|05164; Ophcf2|00964; Ophcf2|00144; Ophcf2|05392; Ophcf2|05397; Ophcf2|02842; Ophcf2|03150; Ophcf2|03158; Ophcf2|06494; Ophcf2|06903; Ophcf2|04826; Ophcf2|02906; Ophcf2|02924; Ophcf2|05625; Ophcf2|02231; Ophcf2|00032; Ophcf2|00888; Ophcf2|03652; Ophcf2|03663; Ophcf2|03675; Ophcf2|01642; Ophcf2|04615; Ophcf2|05231; Ophcf2|01137; Ophcf2|02779
GO:0010468|regulation of gene expression,,GO,48,1250,119,6038,Over-represented,0.000262,0.004016,Ophcf2|06734; Ophcf2|01589; Ophcf2|00745; Ophcf2|00769; Ophcf2|04215; Ophcf2|04938; Ophcf2|02973; Ophcf2|01247; Ophcf2|01899; Ophcf2|03743; Ophcf2|06642; Ophcf2|00907; Ophcf2|05884; Ophcf2|02524; Ophcf2|02563; Ophcf2|03991; Ophcf2|02346; Ophcf2|03547; Ophcf2|04460; Ophcf2|01029; Ophcf2|01362; Ophcf2|04383; Ophcf2|04349; Ophcf2|06012; Ophcf2|04775; Ophcf2|04786; Ophcf2|00498; Ophcf2|02920; Ophcf2|02954; Ophcf2|02260; Ophcf2|03389; Ophcf2|00723; Ophcf2|06833; Ophcf2|02190; Ophcf2|02202; Ophcf2|03652; Ophcf2|01630; Ophcf2|01642; Ophcf2|01732; Ophcf2|01775; Ophcf2|02731; Ophcf2|02735; Ophcf2|03310; Ophcf2|01267; Ophcf2|01122; Ophcf2|01137; Ophcf2|01138; Ophcf2|07303
GO:0031224|intrinsic component of membrane,,GO,73,1225,209,5948,Over-represented,0.00029,0.004323,Ophcf2|06768; Ophcf2|04092; Ophcf2|04134; Ophcf2|04137; Ophcf2|05344; Ophcf2|05349; Ophcf2|00785; Ophcf2|00809; Ophcf2|00604; Ophcf2|00657; Ophcf2|04931; Ophcf2|02977; Ophcf2|07104; Ophcf2|07119; Ophcf2|07146; Ophcf2|07150; Ophcf2|03736; Ophcf2|04690; Ophcf2|04750; Ophcf2|05918; Ophcf2|05678; Ophcf2|05723; Ophcf2|01060; Ophcf2|02533; Ophcf2|05021; Ophcf2|05047; Ophcf2|03978; Ophcf2|06095; Ophcf2|06102; Ophcf2|02373; Ophcf2|02411; Ophcf2|00985; Ophcf2|04332; Ophcf2|04333; Ophcf2|05963; Ophcf2|05392; Ophcf2|01931; Ophcf2|03135; Ophcf2|06511; Ophcf2|06515; Ophcf2|06552; Ophcf2|06555; Ophcf2|01798; Ophcf2|01839; Ophcf2|00220; Ophcf2|03811; Ophcf2|03841; Ophcf2|03852; Ophcf2|00447; Ophcf2|00457; Ophcf2|02955; Ophcf2|03051; Ophcf2|03096; Ophcf2|03097; Ophcf2|03342; Ophcf2|03355; Ophcf2|05513; Ophcf2|05531; Ophcf2|00016; Ophcf2|00703; Ophcf2|02158; Ophcf2|02178; Ophcf2|03641; Ophcf2|03691; Ophcf2|01663; Ophcf2|01664; Ophcf2|07000; Ophcf2|02707; Ophcf2|03302; Ophcf2|01291; Ophcf2|01147; Ophcf2|07384; Ophcf2|07240
GO:0016021|integral component of membrane,,GO,73,1225,209,5948,Over-represented,0.00029,0.004323,Ophcf2|06768; Ophcf2|04092; Ophcf2|04134; Ophcf2|04137; Ophcf2|05344; Ophcf2|05349; Ophcf2|00785; Ophcf2|00809; Ophcf2|00604; Ophcf2|00657; Ophcf2|04931; Ophcf2|02977; Ophcf2|07104; Ophcf2|07119; Ophcf2|07146; Ophcf2|07150; Ophcf2|03736; Ophcf2|04690; Ophcf2|04750; Ophcf2|05918; Ophcf2|05678; Ophcf2|05723; Ophcf2|01060; Ophcf2|02533; Ophcf2|05021; Ophcf2|05047; Ophcf2|03978; Ophcf2|06095; Ophcf2|06102; Ophcf2|02373; Ophcf2|02411; Ophcf2|00985; Ophcf2|04332; Ophcf2|04333; Ophcf2|05963; Ophcf2|05392; Ophcf2|01931; Ophcf2|03135; Ophcf2|06511; Ophcf2|06515; Ophcf2|06552; Ophcf2|06555; Ophcf2|01798; Ophcf2|01839; Ophcf2|00220; Ophcf2|03811; Ophcf2|03841; Ophcf2|03852; Ophcf2|00447; Ophcf2|00457; Ophcf2|02955; Ophcf2|03051; Ophcf2|03096; Ophcf2|03097; Ophcf2|03342; Ophcf2|03355; Ophcf2|05513; Ophcf2|05531; Ophcf2|00016; Ophcf2|00703; Ophcf2|02158; Ophcf2|02178; Ophcf2|03641; Ophcf2|03691; Ophcf2|01663; Ophcf2|01664; Ophcf2|07000; Ophcf2|02707; Ophcf2|03302; Ophcf2|01291; Ophcf2|01147; Ophcf2|07384; Ophcf2|07240
GO:0140110|transcription regulator activity,,GO,37,1261,85,6072,Over-represented,0.000408,0.00593,Ophcf2|06734; Ophcf2|01589; Ophcf2|04215; Ophcf2|04938; Ophcf2|02973; Ophcf2|01247; Ophcf2|03743; Ophcf2|06642; Ophcf2|00907; Ophcf2|05884; Ophcf2|02524; Ophcf2|02563; Ophcf2|03547; Ophcf2|04460; Ophcf2|01029; Ophcf2|01362; Ophcf2|04383; Ophcf2|04349; Ophcf2|06012; Ophcf2|04786; Ophcf2|00498; Ophcf2|02920; Ophcf2|02954; Ophcf2|02260; Ophcf2|03389; Ophcf2|00723; Ophcf2|06833; Ophcf2|02190; Ophcf2|02202; Ophcf2|01630; Ophcf2|01732; Ophcf2|02731; Ophcf2|03310; Ophcf2|01267; Ophcf2|01122; Ophcf2|01138; Ophcf2|07303
GO:0006468|protein phosphorylation,,GO,30,1268,62,6095,Over-represented,0.000419,0.005993,Ophcf2|05085; Ophcf2|00808; Ophcf2|04970; Ophcf2|01520; Ophcf2|01913; Ophcf2|07153; Ophcf2|03775; Ophcf2|00890; Ophcf2|06122; Ophcf2|05657; Ophcf2|06294; Ophcf2|04995; Ophcf2|04996; Ophcf2|02351; Ophcf2|02040; Ophcf2|06042; Ophcf2|02437; Ophcf2|03436; Ophcf2|00964; Ophcf2|00144; Ophcf2|02842; Ophcf2|03158; Ophcf2|06494; Ophcf2|06903; Ophcf2|02924; Ophcf2|02231; Ophcf2|00888; Ophcf2|03663; Ophcf2|04615; Ophcf2|02779
"GO:0000981|DNA-binding transcription factor activity, RNA polymerase II-specific",,GO,26,1272,52,6105,Over-represented,0.000738,0.010366,Ophcf2|01589; Ophcf2|04215; Ophcf2|03743; Ophcf2|06642; Ophcf2|00907; Ophcf2|05884; Ophcf2|02524; Ophcf2|02563; Ophcf2|03547; Ophcf2|04460; Ophcf2|01029; Ophcf2|04383; Ophcf2|04349; Ophcf2|06012; Ophcf2|00498; Ophcf2|02920; Ophcf2|02954; Ophcf2|03389; Ophcf2|00723; Ophcf2|06833; Ophcf2|02190; Ophcf2|02202; Ophcf2|01732; Ophcf2|02731; Ophcf2|01122; Ophcf2|07303
GO:0006396|RNA processing,,GO,4,1294,78,6079,Under-represented,0.001108,0.015315,Ophcf2|06308; Ophcf2|06374; Ophcf2|02465; Ophcf2|04340
"GO:0140096|catalytic activity, acting on a protein",,GO,63,1235,185,5972,Over-represented,0.001173,0.015954,Ophcf2|06767; Ophcf2|05085; Ophcf2|05100; Ophcf2|00779; Ophcf2|00808; Ophcf2|04970; Ophcf2|01520; Ophcf2|01894; Ophcf2|01913; Ophcf2|07119; Ophcf2|07150; Ophcf2|07153; Ophcf2|02095; Ophcf2|03775; Ophcf2|04701; Ophcf2|06686; Ophcf2|00890; Ophcf2|00948; Ophcf2|06122; Ophcf2|06156; Ophcf2|05657; Ophcf2|05709; Ophcf2|05715; Ophcf2|06294; Ophcf2|04995; Ophcf2|04996; Ophcf2|02351; Ophcf2|02040; Ophcf2|06042; Ophcf2|02437; Ophcf2|03436; Ophcf2|06395; Ophcf2|02447; Ophcf2|00964; Ophcf2|01351; Ophcf2|01377; Ophcf2|00144; Ophcf2|06013; Ophcf2|01951; Ophcf2|01976; Ophcf2|02818; Ophcf2|02842; Ophcf2|03150; Ophcf2|03158; Ophcf2|06494; Ophcf2|06500; Ophcf2|01798; Ophcf2|06903; Ophcf2|04826; Ophcf2|03788; Ophcf2|02924; Ophcf2|02231; Ophcf2|02284; Ophcf2|00888; Ophcf2|03652; Ophcf2|03663; Ophcf2|03675; Ophcf2|04615; Ophcf2|05231; Ophcf2|06565; Ophcf2|01137; Ophcf2|02779; Ophcf2|07280
GO:0044425|membrane part,,GO,83,1215,262,5895,Over-represented,0.001334,0.017853,Ophcf2|06768; Ophcf2|04092; Ophcf2|04134; Ophcf2|04137; Ophcf2|05344; Ophcf2|05349; Ophcf2|00785; Ophcf2|00809; Ophcf2|00604; Ophcf2|00657; Ophcf2|04931; Ophcf2|02977; Ophcf2|07104; Ophcf2|07119; Ophcf2|07146; Ophcf2|07150; Ophcf2|03736; Ophcf2|04690; Ophcf2|04750; Ophcf2|05918; Ophcf2|05678; Ophcf2|05723; Ophcf2|04558; Ophcf2|01060; Ophcf2|02533; Ophcf2|05021; Ophcf2|05047; Ophcf2|03978; Ophcf2|00283; Ophcf2|06095; Ophcf2|06102; Ophcf2|02373; Ophcf2|02411; Ophcf2|03236; Ophcf2|00985; Ophcf2|04332; Ophcf2|04333; Ophcf2|05963; Ophcf2|05969; Ophcf2|05392; Ophcf2|05397; Ophcf2|01931; Ophcf2|03135; Ophcf2|06511; Ophcf2|06515; Ophcf2|06552; Ophcf2|06555; Ophcf2|01798; Ophcf2|01839; Ophcf2|00220; Ophcf2|03811; Ophcf2|03841; Ophcf2|03852; Ophcf2|00447; Ophcf2|00457; Ophcf2|02955; Ophcf2|05625; Ophcf2|03051; Ophcf2|03096; Ophcf2|03097; Ophcf2|03342; Ophcf2|03355; Ophcf2|05513; Ophcf2|05531; Ophcf2|00016; Ophcf2|00032; Ophcf2|00703; Ophcf2|02158; Ophcf2|02178; Ophcf2|03641; Ophcf2|03691; Ophcf2|01663; Ophcf2|01664; Ophcf2|07000; Ophcf2|02681; Ophcf2|02707; Ophcf2|06611; Ophcf2|06618; Ophcf2|03302; Ophcf2|01291; Ophcf2|01147; Ophcf2|07384; Ophcf2|07240
GO:0044464|cell part,,GO,82,1216,552,5605,Under-represented,0.001484,0.019553,Ophcf2|06734; Ophcf2|01589; Ophcf2|00765; Ophcf2|04215; Ophcf2|04938; Ophcf2|03743; Ophcf2|06642; Ophcf2|05488; Ophcf2|00907; Ophcf2|00938; Ophcf2|00959; Ophcf2|05884; Ophcf2|06127; Ophcf2|05678; Ophcf2|04849; Ophcf2|04556; Ophcf2|04558; Ophcf2|04581; Ophcf2|06264; Ophcf2|02524; Ophcf2|02563; Ophcf2|05023; Ophcf2|03945; Ophcf2|00283; Ophcf2|02297; Ophcf2|06465; Ophcf2|06477; Ophcf2|06102; Ophcf2|02373; Ophcf2|04267; Ophcf2|03547; Ophcf2|03236; Ophcf2|04460; Ophcf2|05150; Ophcf2|02447; Ophcf2|02465; Ophcf2|01029; Ophcf2|01034; Ophcf2|04383; Ophcf2|00075; Ophcf2|04340; Ophcf2|04349; Ophcf2|05969; Ophcf2|06012; Ophcf2|05392; Ophcf2|05397; Ophcf2|01996; Ophcf2|02620; Ophcf2|04786; Ophcf2|00498; Ophcf2|01464; Ophcf2|02920; Ophcf2|02954; Ophcf2|05625; Ophcf2|05651; Ophcf2|03389; Ophcf2|00032; Ophcf2|00695; Ophcf2|00723; Ophcf2|06833; Ophcf2|02150; Ophcf2|02190; Ophcf2|02202; Ophcf2|03652; Ophcf2|03675; Ophcf2|01630; Ophcf2|01717; Ophcf2|01732; Ophcf2|05267; Ophcf2|02681; Ophcf2|02717; Ophcf2|02731; Ophcf2|06611; Ophcf2|03276; Ophcf2|03310; Ophcf2|01122; Ophcf2|01128; Ophcf2|01138; Ophcf2|01162; Ophcf2|01163; Ophcf2|07280; Ophcf2|07303
GO:0043412|macromolecule modification,,GO,52,1246,146,6011,Over-represented,0.001609,0.020868,Ophcf2|05085; Ophcf2|05100; Ophcf2|00808; Ophcf2|04970; Ophcf2|03020; Ophcf2|01520; Ophcf2|01894; Ophcf2|01913; Ophcf2|07119; Ophcf2|07153; Ophcf2|03775; Ophcf2|06634; Ophcf2|00890; Ophcf2|06122; Ophcf2|05657; Ophcf2|04839; Ophcf2|06294; Ophcf2|04995; Ophcf2|04996; Ophcf2|02351; Ophcf2|02040; Ophcf2|06042; Ophcf2|02373; Ophcf2|02437; Ophcf2|03436; Ophcf2|06374; Ophcf2|05164; Ophcf2|02465; Ophcf2|00964; Ophcf2|00144; Ophcf2|05392; Ophcf2|05397; Ophcf2|02842; Ophcf2|03150; Ophcf2|03158; Ophcf2|06494; Ophcf2|06903; Ophcf2|04826; Ophcf2|02906; Ophcf2|02924; Ophcf2|05625; Ophcf2|02231; Ophcf2|00032; Ophcf2|00888; Ophcf2|03652; Ophcf2|03663; Ophcf2|03675; Ophcf2|01642; Ophcf2|04615; Ophcf2|05231; Ophcf2|01137; Ophcf2|02779
GO:0016310|phosphorylation,,GO,30,1268,69,6088,Over-represented,0.001853,0.023663,Ophcf2|05085; Ophcf2|00808; Ophcf2|04970; Ophcf2|01520; Ophcf2|01913; Ophcf2|07153; Ophcf2|03775; Ophcf2|00890; Ophcf2|06122; Ophcf2|05657; Ophcf2|06294; Ophcf2|04995; Ophcf2|04996; Ophcf2|02351; Ophcf2|02040; Ophcf2|06042; Ophcf2|02437; Ophcf2|03436; Ophcf2|00964; Ophcf2|00144; Ophcf2|02842; Ophcf2|03158; Ophcf2|06494; Ophcf2|06903; Ophcf2|02924; Ophcf2|02231; Ophcf2|00888; Ophcf2|03663; Ophcf2|04615; Ophcf2|02779
GO:0008150|biological_process,,GO,420,878,1729,4428,Over-represented,0.002154,0.027099,Ophcf2|06718; Ophcf2|06719; Ophcf2|06734; Ophcf2|06765; Ophcf2|06767; Ophcf2|04085; Ophcf2|04092; Ophcf2|04134; Ophcf2|04136; Ophcf2|04137; Ophcf2|04145; Ophcf2|01561; Ophcf2|01585; Ophcf2|01587; Ophcf2|01589; Ophcf2|01590; Ophcf2|01593; Ophcf2|05306; Ophcf2|05328; Ophcf2|05333; Ophcf2|05344; Ophcf2|05085; Ophcf2|05092; Ophcf2|05094; Ophcf2|05100; Ophcf2|05104; Ophcf2|00745; Ophcf2|00746; Ophcf2|00761; Ophcf2|00769; Ophcf2|00779; Ophcf2|00785; Ophcf2|00797; Ophcf2|00800; Ophcf2|00808; Ophcf2|00809; Ophcf2|04166; Ophcf2|04188; Ophcf2|04211; Ophcf2|04215; Ophcf2|04218; Ophcf2|04224; Ophcf2|00600; Ophcf2|00604; Ophcf2|00609; Ophcf2|00650; Ophcf2|00657; Ophcf2|00659; Ophcf2|04908; Ophcf2|04930; Ophcf2|04931; Ophcf2|04938; Ophcf2|04947; Ophcf2|04959; Ophcf2|04970; Ophcf2|04973; Ophcf2|02971; Ophcf2|02973; Ophcf2|02977; Ophcf2|02981; Ophcf2|02986; Ophcf2|03001; Ophcf2|03020; Ophcf2|00381; Ophcf2|00411; Ophcf2|01240; Ophcf2|01247; Ophcf2|01493; Ophcf2|01496; Ophcf2|01520; Ophcf2|01535; Ophcf2|01856; Ophcf2|01861; Ophcf2|01894; Ophcf2|01899; Ophcf2|01903; Ophcf2|01913; Ophcf2|03619; Ophcf2|07086; Ophcf2|07099; Ophcf2|07104; Ophcf2|07114; Ophcf2|07119; Ophcf2|07146; Ophcf2|07150; Ophcf2|07153; Ophcf2|05789; Ophcf2|02095; Ophcf2|02123; Ophcf2|03736; Ophcf2|03743; Ophcf2|03755; Ophcf2|03756; Ophcf2|03775; Ophcf2|04690; Ophcf2|04699; Ophcf2|04701; Ophcf2|04706; Ophcf2|05828; Ophcf2|05832; Ophcf2|06634; Ophcf2|06642; Ophcf2|06661; Ophcf2|06663; Ophcf2|05467; Ophcf2|05488; Ophcf2|00890; Ophcf2|00907; Ophcf2|00915; Ophcf2|00917; Ophcf2|00936; Ophcf2|00938; Ophcf2|05884; Ophcf2|05918; Ophcf2|05940; Ophcf2|06106; Ophcf2|06110; Ophcf2|06122; Ophcf2|06127; Ophcf2|06156; Ophcf2|05657; Ophcf2|05661; Ophcf2|05677; Ophcf2|05678; Ophcf2|05709; Ophcf2|05715; Ophcf2|05723; Ophcf2|04839; Ophcf2|04891; Ophcf2|04556; Ophcf2|04558; Ophcf2|04568; Ophcf2|04581; Ophcf2|04584; Ophcf2|04603; Ophcf2|01040; Ophcf2|01060; Ophcf2|01110; Ophcf2|06294; Ophcf2|06299; Ophcf2|06300; Ophcf2|06308; Ophcf2|06320; Ophcf2|02521; Ophcf2|02523; Ophcf2|02524; Ophcf2|02533; Ophcf2|02545; Ophcf2|02563; Ophcf2|02577; Ophcf2|04995; Ophcf2|04996; Ophcf2|05013; Ophcf2|05023; Ophcf2|05035; Ophcf2|05047; Ophcf2|03937; Ophcf2|03945; Ophcf2|03978; Ophcf2|03991; Ophcf2|04000; Ophcf2|00283; Ophcf2|02297; Ophcf2|02346; Ophcf2|02351; Ophcf2|02040; Ophcf2|06417; Ophcf2|06465; Ophcf2|06477; Ophcf2|06040; Ophcf2|06042; Ophcf2|06050; Ophcf2|06083; Ophcf2|06095; Ophcf2|06102; Ophcf2|02373; Ophcf2|02393; Ophcf2|02411; Ophcf2|02431; Ophcf2|02437; Ophcf2|04267; Ophcf2|03537; Ophcf2|03547; Ophcf2|03552; Ophcf2|03186; Ophcf2|03227; Ophcf2|03230; Ophcf2|03236; Ophcf2|03436; Ophcf2|03443; Ophcf2|03445; Ophcf2|03466; Ophcf2|06374; Ophcf2|06385; Ophcf2|06395; Ophcf2|06398; Ophcf2|06399; Ophcf2|04460; Ophcf2|04463; Ophcf2|04467; Ophcf2|05164; Ophcf2|05192; Ophcf2|02447; Ophcf2|02465; Ophcf2|02492; Ophcf2|00964; Ophcf2|00985; Ophcf2|01029; Ophcf2|01034; Ophcf2|01362; Ophcf2|04383; Ophcf2|04407; Ophcf2|04410; Ophcf2|04426; Ophcf2|00090; Ophcf2|00144; Ophcf2|04332; Ophcf2|04333; Ophcf2|04337; Ophcf2|04340; Ophcf2|04349; Ophcf2|05963; Ophcf2|05969; Ophcf2|05970; Ophcf2|05976; Ophcf2|05978; Ophcf2|06012; Ophcf2|06023; Ophcf2|06026; Ophcf2|05365; Ophcf2|05376; Ophcf2|05382; Ophcf2|05392; Ophcf2|05397; Ophcf2|05428; Ophcf2|01931; Ophcf2|01948; Ophcf2|01954; Ophcf2|01964; Ophcf2|01976; Ophcf2|01996; Ophcf2|02818; Ophcf2|02842; Ophcf2|02855; Ophcf2|03135; Ophcf2|03139; Ophcf2|03150; Ophcf2|03158; Ophcf2|06494; Ophcf2|06500; Ophcf2|06511; Ophcf2|06515; Ophcf2|06552; Ophcf2|06555; Ophcf2|01810; Ophcf2|01815; Ophcf2|01825; Ophcf2|01839; Ophcf2|06865; Ophcf2|06903; Ophcf2|06912; Ophcf2|00220; Ophcf2|02610; Ophcf2|02616; Ophcf2|02620; Ophcf2|04761; Ophcf2|04767; Ophcf2|04775; Ophcf2|04786; Ophcf2|04826; Ophcf2|03793; Ophcf2|03811; Ophcf2|03852; Ophcf2|00447; Ophcf2|00452; Ophcf2|00457; Ophcf2|00470; Ophcf2|00498; Ophcf2|00511; Ophcf2|07020; Ophcf2|07067; Ophcf2|01447; Ophcf2|01464; Ophcf2|02906; Ophcf2|02920; Ophcf2|02924; Ophcf2|02940; Ophcf2|02946; Ophcf2|02954; Ophcf2|02955; Ophcf2|05595; Ophcf2|05616; Ophcf2|05625; Ophcf2|05650; Ophcf2|05651; Ophcf2|05652; Ophcf2|02231; Ophcf2|02260; Ophcf2|02284; Ophcf2|02289; Ophcf2|03051; Ophcf2|03096; Ophcf2|03097; Ophcf2|03099; Ophcf2|03106; Ophcf2|03340; Ophcf2|03342; Ophcf2|03355; Ophcf2|03389; Ophcf2|03399; Ophcf2|00300; Ophcf2|00302; Ophcf2|00311; Ophcf2|00328; Ophcf2|05510; Ophcf2|05513; Ophcf2|05531; Ophcf2|05535; Ophcf2|05548; Ophcf2|05568; Ophcf2|05574; Ophcf2|00016; Ophcf2|00032; Ophcf2|00043; Ophcf2|00049; Ophcf2|00063; Ophcf2|00841; Ophcf2|00866; Ophcf2|00888; Ophcf2|00672; Ophcf2|00681; Ophcf2|00682; Ophcf2|00695; Ophcf2|00696; Ophcf2|00703; Ophcf2|00723; Ophcf2|06784; Ophcf2|06792; Ophcf2|06832; Ophcf2|06833; Ophcf2|06834; Ophcf2|06849; Ophcf2|02150; Ophcf2|02158; Ophcf2|02174; Ophcf2|02178; Ophcf2|02190; Ophcf2|02202; Ophcf2|03641; Ophcf2|03652; Ophcf2|03663; Ophcf2|03665; Ophcf2|03672; Ophcf2|03675; Ophcf2|03691; Ophcf2|01630; Ophcf2|01636; Ophcf2|01642; Ophcf2|01658; Ophcf2|01663; Ophcf2|01664; Ophcf2|01699; Ophcf2|04615; Ophcf2|04625; Ophcf2|03906; Ophcf2|07307; Ophcf2|07360; Ophcf2|01709; Ophcf2|01717; Ophcf2|01732; Ophcf2|01738; Ophcf2|01749; Ophcf2|01775; Ophcf2|06933; Ophcf2|06939; Ophcf2|06979; Ophcf2|07000; Ophcf2|06208; Ophcf2|05222; Ophcf2|05231; Ophcf2|05236; Ophcf2|05263; Ophcf2|05267; Ophcf2|05278; Ophcf2|02683; Ophcf2|02694; Ophcf2|02705; Ophcf2|02707; Ophcf2|02717; Ophcf2|02725; Ophcf2|02731; Ophcf2|02735; Ophcf2|06611; Ophcf2|06618; Ophcf2|03302; Ophcf2|03310; Ophcf2|01267; Ophcf2|01275; Ophcf2|01281; Ophcf2|01291; Ophcf2|01303; Ophcf2|01116; Ophcf2|01122; Ophcf2|01137; Ophcf2|01138; Ophcf2|01143; Ophcf2|01146; Ophcf2|01147; Ophcf2|01162; Ophcf2|01163; Ophcf2|01173; Ophcf2|04033; Ophcf2|07384; Ophcf2|02778; Ophcf2|02779; Ophcf2|02790; Ophcf2|02794; Ophcf2|02810; Ophcf2|07240; Ophcf2|07303
GO:0003723|RNA binding,,GO,6,1292,89,6068,Under-represented,0.002459,0.030487,Ophcf2|02123; Ophcf2|05838; Ophcf2|05146; Ophcf2|01034; Ophcf2|06933; Ophcf2|06591
GO:0044424|intracellular part,,GO,78,1220,521,5636,Under-represented,0.002856,0.03489,Ophcf2|06734; Ophcf2|01589; Ophcf2|00765; Ophcf2|04215; Ophcf2|04938; Ophcf2|03743; Ophcf2|06642; Ophcf2|05488; Ophcf2|00907; Ophcf2|00938; Ophcf2|00959; Ophcf2|05884; Ophcf2|06127; Ophcf2|04849; Ophcf2|04556; Ophcf2|04558; Ophcf2|04581; Ophcf2|02524; Ophcf2|02563; Ophcf2|03945; Ophcf2|00283; Ophcf2|02297; Ophcf2|06465; Ophcf2|06477; Ophcf2|06102; Ophcf2|02373; Ophcf2|04267; Ophcf2|03547; Ophcf2|03236; Ophcf2|04460; Ophcf2|05150; Ophcf2|02447; Ophcf2|02465; Ophcf2|01029; Ophcf2|01034; Ophcf2|04383; Ophcf2|00075; Ophcf2|04340; Ophcf2|04349; Ophcf2|05969; Ophcf2|06012; Ophcf2|05392; Ophcf2|05397; Ophcf2|01996; Ophcf2|02620; Ophcf2|04786; Ophcf2|00498; Ophcf2|01464; Ophcf2|02920; Ophcf2|02954; Ophcf2|05625; Ophcf2|05651; Ophcf2|03389; Ophcf2|00032; Ophcf2|00695; Ophcf2|00723; Ophcf2|06833; Ophcf2|02150; Ophcf2|02190; Ophcf2|02202; Ophcf2|03652; Ophcf2|03675; Ophcf2|01630; Ophcf2|01717; Ophcf2|01732; Ophcf2|05267; Ophcf2|02681; Ophcf2|02717; Ophcf2|02731; Ophcf2|06611; Ophcf2|03276; Ophcf2|03310; Ophcf2|01122; Ophcf2|01128; Ophcf2|01138; Ophcf2|01162; Ophcf2|07280; Ophcf2|07303
GO:0006796|phosphate-containing compound metabolic process,,GO,47,1251,134,6023,Over-represented,0.003776,0.045148,Ophcf2|05085; Ophcf2|05104; Ophcf2|00808; Ophcf2|04188; Ophcf2|04970; Ophcf2|01520; Ophcf2|01856; Ophcf2|01913; Ophcf2|07153; Ophcf2|03755; Ophcf2|03775; Ophcf2|00890; Ophcf2|00936; Ophcf2|06110; Ophcf2|06122; Ophcf2|05657; Ophcf2|01040; Ophcf2|06294; Ophcf2|04995; Ophcf2|04996; Ophcf2|05023; Ophcf2|00283; Ophcf2|02351; Ophcf2|02040; Ophcf2|06042; Ophcf2|02373; Ophcf2|02437; Ophcf2|03227; Ophcf2|03436; Ophcf2|03443; Ophcf2|00964; Ophcf2|00144; Ophcf2|05392; Ophcf2|02842; Ophcf2|03150; Ophcf2|03158; Ophcf2|06494; Ophcf2|06500; Ophcf2|06903; Ophcf2|02924; Ophcf2|05625; Ophcf2|02231; Ophcf2|00043; Ophcf2|00888; Ophcf2|03663; Ophcf2|04615; Ophcf2|02779
GO:0006793|phosphorus metabolic process,,GO,47,1251,134,6023,Over-represented,0.003776,0.045148,Ophcf2|05085; Ophcf2|05104; Ophcf2|00808; Ophcf2|04188; Ophcf2|04970; Ophcf2|01520; Ophcf2|01856; Ophcf2|01913; Ophcf2|07153; Ophcf2|03755; Ophcf2|03775; Ophcf2|00890; Ophcf2|00936; Ophcf2|06110; Ophcf2|06122; Ophcf2|05657; Ophcf2|01040; Ophcf2|06294; Ophcf2|04995; Ophcf2|04996; Ophcf2|05023; Ophcf2|00283; Ophcf2|02351; Ophcf2|02040; Ophcf2|06042; Ophcf2|02373; Ophcf2|02437; Ophcf2|03227; Ophcf2|03436; Ophcf2|03443; Ophcf2|00964; Ophcf2|00144; Ophcf2|05392; Ophcf2|02842; Ophcf2|03150; Ophcf2|03158; Ophcf2|06494; Ophcf2|06500; Ophcf2|06903; Ophcf2|02924; Ophcf2|05625; Ophcf2|02231; Ophcf2|00043; Ophcf2|00888; Ophcf2|03663; Ophcf2|04615; Ophcf2|02779
GO:0008654|phospholipid biosynthetic process,,GO,9,1289,11,6146,Over-represented,0.003819,0.044715,Ophcf2|01856; Ophcf2|00936; Ophcf2|06110; Ophcf2|02373; Ophcf2|03227; Ophcf2|03443; Ophcf2|05392; Ophcf2|05625; Ophcf2|00043
Small Secreted Protein,Has a secretion signal and is <= 300 amino acids,signalp,33,1265,238,5919,Under-represented,0.021963,0.043926,Ophcf2|00153; Ophcf2|00200; Ophcf2|00229; Ophcf2|00381; Ophcf2|00528; Ophcf2|00672; Ophcf2|00775; Ophcf2|00850; Ophcf2|01087; Ophcf2|01093; Ophcf2|01719; Ophcf2|01891; Ophcf2|02109; Ophcf2|02544; Ophcf2|02674; Ophcf2|02916; Ophcf2|02939; Ophcf2|03140; Ophcf2|03653; Ophcf2|03971; Ophcf2|04072; Ophcf2|04601; Ophcf2|04701; Ophcf2|04878; Ophcf2|05146; Ophcf2|05364; Ophcf2|05447; Ophcf2|05534; Ophcf2|06197; Ophcf2|06556; Ophcf2|06744; Ophcf2|07020; Ophcf2|07229
Has TMHMM,Has at least 1 transmembrane domain,TMHMM,321,977,1051,5106,Over-represented,0.00000562,0.00000562,Ophcf2|07083; Ophcf2|07104; Ophcf2|07114; Ophcf2|07118; Ophcf2|07119; Ophcf2|07146; Ophcf2|07175; Ophcf2|07240; Ophcf2|07246; Ophcf2|02095; Ophcf2|02121; Ophcf2|02149; Ophcf2|02158; Ophcf2|02178; Ophcf2|02213; Ophcf2|06552; Ophcf2|06555; Ophcf2|06618; Ophcf2|06670; Ophcf2|06168; Ophcf2|06193; Ophcf2|06264; Ophcf2|06308; Ophcf2|06312; Ophcf2|06352; Ophcf2|06382; Ophcf2|06395; Ophcf2|06418; Ophcf2|06511; Ophcf2|06515; Ophcf2|00200; Ophcf2|00220; Ophcf2|00250; Ophcf2|00251; Ophcf2|00290; Ophcf2|00302; Ophcf2|00311; Ophcf2|00325; Ophcf2|03186; Ophcf2|03200; Ophcf2|03227; Ophcf2|03230; Ophcf2|03253; Ophcf2|03277; Ophcf2|03293; Ophcf2|03308; Ophcf2|03314; Ophcf2|03315; Ophcf2|03330; Ophcf2|03340; Ophcf2|03342; Ophcf2|02977; Ophcf2|02984; Ophcf2|02986; Ophcf2|03020; Ophcf2|03051; Ophcf2|03074; Ophcf2|03096; Ophcf2|03097; Ophcf2|03098; Ophcf2|03106; Ophcf2|03128; Ophcf2|03135; Ophcf2|05595; Ophcf2|05625; Ophcf2|05652; Ophcf2|05658; Ophcf2|05661; Ophcf2|05677; Ophcf2|05678; Ophcf2|05723; Ophcf2|01348; Ophcf2|01454; Ophcf2|01459; Ophcf2|02610; Ophcf2|02641; Ophcf2|02664; Ophcf2|02668; Ophcf2|02681; Ophcf2|02684; Ophcf2|02705; Ophcf2|02707; Ophcf2|02714; Ophcf2|02725; Ophcf2|02758; Ophcf2|02759; Ophcf2|02778; Ophcf2|02790; Ophcf2|04513; Ophcf2|04558; Ophcf2|04569; Ophcf2|04600; Ophcf2|04603; Ophcf2|04635; Ophcf2|01861; Ophcf2|01930; Ophcf2|01976; Ophcf2|02021; Ophcf2|01147; Ophcf2|01193; Ophcf2|01240; Ophcf2|01285; Ophcf2|01291; Ophcf2|01558; Ophcf2|01572; Ophcf2|01574; Ophcf2|01590; Ophcf2|01608; Ophcf2|01620; Ophcf2|01625; Ophcf2|01663; Ophcf2|01664; Ophcf2|00014; Ophcf2|00016; Ophcf2|00032; Ophcf2|00042; Ophcf2|00047; Ophcf2|00062; Ophcf2|00090; Ophcf2|00091; Ophcf2|00103; Ophcf2|00160; Ophcf2|00183; Ophcf2|04093; Ophcf2|04104; Ophcf2|04134; Ophcf2|04137; Ophcf2|04145; Ophcf2|04201; Ophcf2|04260; Ophcf2|00570; Ophcf2|00600; Ophcf2|00604; Ophcf2|00645; Ophcf2|00650; Ophcf2|00655; Ophcf2|00657; Ophcf2|00659; Ophcf2|00682; Ophcf2|00695; Ophcf2|00696; Ophcf2|00703; Ophcf2|04853; Ophcf2|04865; Ophcf2|04886; Ophcf2|04914; Ophcf2|04931; Ophcf2|04962; Ophcf2|05011; Ophcf2|05014; Ophcf2|05021; Ophcf2|05411; Ophcf2|05415; Ophcf2|05425; Ophcf2|05428; Ophcf2|05450; Ophcf2|05467; Ophcf2|05476; Ophcf2|05485; Ophcf2|05511; Ophcf2|05513; Ophcf2|05531; Ophcf2|05563; Ophcf2|03736; Ophcf2|03739; Ophcf2|03744; Ophcf2|03757; Ophcf2|03782; Ophcf2|03797; Ophcf2|03811; Ophcf2|03841; Ophcf2|03850; Ophcf2|03852; Ophcf2|03855; Ophcf2|03905; Ophcf2|04332; Ophcf2|04333; Ophcf2|04334; Ophcf2|04353; Ophcf2|04407; Ophcf2|04408; Ophcf2|04426; Ophcf2|04464; Ophcf2|02237; Ophcf2|02245; Ophcf2|02263; Ophcf2|02354; Ophcf2|02373; Ophcf2|02411; Ophcf2|02431; Ophcf2|02533; Ophcf2|02575; Ophcf2|00383; Ophcf2|00386; Ophcf2|00395; Ophcf2|00405; Ophcf2|00447; Ophcf2|00448; Ophcf2|00452; Ophcf2|00457; Ophcf2|00511; Ophcf2|00553; Ophcf2|04690; Ophcf2|04694; Ophcf2|04706; Ophcf2|04750; Ophcf2|04835; Ophcf2|03536; Ophcf2|03591; Ophcf2|03592; Ophcf2|03595; Ophcf2|03604; Ophcf2|03641; Ophcf2|03691; Ophcf2|03708; Ophcf2|00946; Ophcf2|00983; Ophcf2|00985; Ophcf2|00987; Ophcf2|01016; Ophcf2|01017; Ophcf2|01060; Ophcf2|07272; Ophcf2|07284; Ophcf2|07295; Ophcf2|07307; Ophcf2|07384; Ophcf2|03922; Ophcf2|03940; Ophcf2|03945; Ophcf2|03948; Ophcf2|03959; Ophcf2|03978; Ophcf2|04020; Ophcf2|04051; Ophcf2|04057; Ophcf2|04092; Ophcf2|05040; Ophcf2|05047; Ophcf2|05062; Ophcf2|05153; Ophcf2|05160; Ophcf2|05181; Ophcf2|05197; Ophcf2|05216; Ophcf2|05224; Ophcf2|05333; Ophcf2|05337; Ophcf2|05344; Ophcf2|05349; Ophcf2|05366; Ophcf2|05375; Ophcf2|05376; Ophcf2|05392; Ophcf2|05397; Ophcf2|03354; Ophcf2|03355; Ophcf2|03397; Ophcf2|03399; Ophcf2|03414; Ophcf2|03434; Ophcf2|03438; Ophcf2|03443; Ophcf2|03455; Ophcf2|03469; Ophcf2|05884; Ophcf2|05901; Ophcf2|05907; Ophcf2|05915; Ophcf2|05917; Ophcf2|05918; Ophcf2|05934; Ophcf2|05937; Ophcf2|05940; Ophcf2|05947; Ophcf2|01778; Ophcf2|01798; Ophcf2|01806; Ophcf2|01810; Ophcf2|01828; Ophcf2|01839; Ophcf2|01856; Ophcf2|02794; Ophcf2|02860; Ophcf2|02868; Ophcf2|02869; Ophcf2|02906; Ophcf2|02928; Ophcf2|02954; Ophcf2|02955; Ophcf2|02970; Ophcf2|02971; Ophcf2|06922; Ophcf2|06937; Ophcf2|06987; Ophcf2|07000; Ophcf2|07067; Ophcf2|05963; Ophcf2|05970; Ophcf2|06023; Ophcf2|06026; Ophcf2|06035; Ophcf2|06040; Ophcf2|06050; Ophcf2|06054; Ophcf2|06095; Ophcf2|06102; Ophcf2|06106; Ophcf2|00773; Ophcf2|00785; Ophcf2|00809; Ophcf2|00848; Ophcf2|00915; Ophcf2|00916; Ophcf2|00917; Ophcf2|06719; Ophcf2|06762; Ophcf2|06768; Ophcf2|06784; Ophcf2|06792; Ophcf2|06814
Annotated as Transcription Factor,,TF,66,1232,144,6013,Over-represented,0.00000285,0.0000257,Ophcf2|01589; Ophcf2|05289; Ophcf2|00745; Ophcf2|04215; Ophcf2|04926; Ophcf2|02973; Ophcf2|00438; Ophcf2|01247; Ophcf2|01489; Ophcf2|01899; Ophcf2|07148; Ophcf2|03743; Ophcf2|06642; Ophcf2|05482; Ophcf2|00907; Ophcf2|00932; Ophcf2|00938; Ophcf2|00938; Ophcf2|05884; Ophcf2|05914; Ophcf2|05914; Ophcf2|02524; Ophcf2|02563; Ophcf2|03991; Ophcf2|02346; Ophcf2|03534; Ophcf2|03547; Ophcf2|03199; Ophcf2|03243; Ophcf2|03452; Ophcf2|04460; Ophcf2|01029; Ophcf2|01362; Ophcf2|04383; Ophcf2|00112; Ophcf2|04349; Ophcf2|06012; Ophcf2|06016; Ophcf2|02620; Ophcf2|04775; Ophcf2|03823; Ophcf2|00498; Ophcf2|02920; Ophcf2|02954; Ophcf2|05651; Ophcf2|02260; Ophcf2|03389; Ophcf2|00695; Ophcf2|00723; Ophcf2|06833; Ophcf2|02162; Ophcf2|02190; Ophcf2|02202; Ophcf2|01630; Ophcf2|01717; Ophcf2|01717; Ophcf2|01732; Ophcf2|01775; Ophcf2|05218; Ophcf2|05267; Ophcf2|02697; Ophcf2|02731; Ophcf2|02735; Ophcf2|01267; Ophcf2|01122; Ophcf2|07303
Fungal Specific TF,,TF,32,1266,64,6093,Over-represented,0.000188,0.000846,Ophcf2|01589; Ophcf2|04215; Ophcf2|03743; Ophcf2|06642; Ophcf2|00907; Ophcf2|00938; Ophcf2|05884; Ophcf2|02524; Ophcf2|02563; Ophcf2|03547; Ophcf2|04460; Ophcf2|01029; Ophcf2|04383; Ophcf2|04349; Ophcf2|06012; Ophcf2|02620; Ophcf2|00498; Ophcf2|02920; Ophcf2|02954; Ophcf2|05651; Ophcf2|03389; Ophcf2|00695; Ophcf2|00723; Ophcf2|06833; Ophcf2|02190; Ophcf2|02202; Ophcf2|01717; Ophcf2|01732; Ophcf2|05267; Ophcf2|02731; Ophcf2|01122; Ophcf2|07303
GATA type zinc finger,,TF,5,1293,3,6154,Over-represented,0.005586,0.016757,Ophcf2|00745; Ophcf2|03991; Ophcf2|02346; Ophcf2|01775; Ophcf2|02735